Categoria,Marca,Modelo,Motor,Versão,Transmissão Velocidades (nº),Ar Cond,Direção Assistida,Combustível
SUB COMPACTO,CAOA CHERY,New QQ,1.0-12V,1,0 LOOK,M-5,S,H,F
SUB COMPACTO,CAOA CHERY,New QQ,1.0-12V,1,0 LOOK PLUS,M-5,S,H,F
SUB COMPACTO,CAOA CHERY,New QQ,1.0-12V,1,0 SMILE,M-5,S,H,F
SUB COMPACTO,CAOA CHERY,New QQ,1.0-12V,1,0 SMILE PLUS,M-5,S,H,F
SUB COMPACTO,CAOA CHERY,New QQ,1.0-12V,1,0 ACT,M-5,S,H,F
SUB COMPACTO,CAOA CHERY,New QQ,1.0-12V,1,0 ACT PLUS,M-5,S,H,F
SUB COMPACTO,FIAT,500,1.4-8V,CULT,M-5,S,E,F
SUB COMPACTO,FIAT,Mobi,1.0-6V,DRIVE,M-5,S,E,F
SUB COMPACTO,FIAT,Mobi,1.0-6V,DRIVE GSR,MTA-5,S,E,F
SUB COMPACTO,FIAT,Mobi,1.0-8V,EASY,M-5,N,H,F
SUB COMPACTO,FIAT,Mobi,1.0-8V,LIKE,M-5,S,H,F
SUB COMPACTO,FIAT,Mobi,1.0-8V,WAY,M-5,S,H,F
SUB COMPACTO,FIAT,Mobi,1.0-8V,EASY,M-5,S,H,F
SUB COMPACTO,FIAT,Novo Uno,1.0-6V,DRIVE,M-5,S,E,F
SUB COMPACTO,FIAT,Novo Uno,1.0-8V,ATTRACTIVE,M-5,S,H,F
SUB COMPACTO,KIA,Picanto,1.0-12V,EX5 1,0 FF MT,M-5,S,E,F
SUB COMPACTO,KIA,Picanto,1.0-12V,LX5 1,0 FF MT,M-5,S,E,F
SUB COMPACTO,KIA,Picanto,1.0-12V,EX5 1,0 FF AT,A-4,S,E,F
SUB COMPACTO,KIA,Picanto,1.0-12V,LX5 1,0 FF AT,A-4,S,E,F
SUB COMPACTO,RENAULT,Twizy,Elétrico,Intense,AUT,N,M,E
SUB COMPACTO,VOLKSWAGEN,up!,1.0-12V,move,M-5,S,E,F
SUB COMPACTO,VOLKSWAGEN,up!,1.0-12V,move (I-Motion),MTA-5,S,E,F
SUB COMPACTO,VOLKSWAGEN,up! TSI,1.0-12V,move (Rodas aro 14"),M-5,S,E,F
SUB COMPACTO,VOLKSWAGEN,up! TSI,1.0-12V,move (Rodas aro 15"),M-5,S,E,F
SUB COMPACTO,VOLKSWAGEN,up! TSI,1.0-12V,pepper,M-5,S,E,F
SUB COMPACTO,VOLKSWAGEN,up! TSI,1.0-12V,cross,M-5,S,E,F
COMPACTO,CHEVROLET,Onix (MY19),1.4L-8V,1,4AT ACT,A-6,S,E,F
COMPACTO,CHEVROLET,Onix (MY19),1.4L-8V,1,4AT LTZ,A-6,S,E,F
COMPACTO,CHEVROLET,Onix (MY19),1.4L-8V,1,4MT ACT,M-6,S,E,F
COMPACTO,CHEVROLET,Onix (MY19),1.4L-8V,1,4MT EFF,M-6,S,E,F
COMPACTO,CHEVROLET,Onix (MY19),1.0L-8V,1,0MT LT,M-6,S,E,F
COMPACTO,CHEVROLET,Onix (MY19),1.4L-8V,1,4AT ADV,A-6,S,E,F
COMPACTO,CHEVROLET,Onix (MY19),1.4L-8V,1,4AT LT,A-6,S,E,F
COMPACTO,CHEVROLET,Onix (MY19),1.4L-8V,1,4MT LT,M-6,S,E,F
COMPACTO,CHEVROLET,Onix (MY19),1.4L-8V,1,4MT LTZ,M-6,S,E,F
COMPACTO,CHEVROLET,Onix Joy (MY19),1.0L-8V,10MT JOYE,M-6,S,E,F
COMPACTO,CITROËN,C3,1.2-12V,Origine,M-5,S,E,F
COMPACTO,CITROËN,C3,1.2-12V,Attraction,M-5,S,E,F
COMPACTO,CITROËN,C3,1.2-12V,Tendance,M-5,S,E,F
COMPACTO,CITROËN,C3,1.6-16V,ATTRACTION A,A-6,S,E,F
COMPACTO,CITROËN,C3,1.6-16V,EXCLUSIVE A,A-6,S,E,F
COMPACTO,CITROËN,C3,1.6-16V,URBAN TRAIL A,A-6,S,E,F
COMPACTO,FIAT,Argo,1.0-6V,DRIVE ( com Stop & Start),M-5,S,E,F
COMPACTO,FIAT,Argo,1.3-8V,DRIVE ( com Stop & Start),M-5,S,E,F
COMPACTO,FIAT,Argo,1.3-8V,DRIVE GSR,MTA-5,S,E,F
COMPACTO,FIAT,Argo,1.8-16V,HGT,A-6,S,E,F
COMPACTO,FIAT,Argo,1.8-16V,HGT,M-5,S,E,F
COMPACTO,FIAT,Argo,1.8-16V,PRECISION,A-6,S,E,F
COMPACTO,FIAT,Argo,1.8-16V,PRECISION,M-5,S,E,F
COMPACTO,FIAT,Argo,1.0-6V,1,M-5,S,E,F
COMPACTO,FIAT,Argo,1.0-6V,DRIVE,M-5,S,E,F
COMPACTO,FIAT,Argo,1.3-8V,DRIVE,M-5,S,E,F
COMPACTO,FORD,Ka Hatch,1.0-12V,S,M-5,S,E,F
COMPACTO,FORD,Ka Hatch,1.0-12V,SE,M-5,S,E,F
COMPACTO,FORD,Ka Hatch,1.5-12V,FreeStyle,A-6,S,E,F
COMPACTO,FORD,Ka Hatch,1.5-12V,SE,A-6,S,E,F
COMPACTO,FORD,Ka Hatch,1.5-12V,Titanium,A-6,S,E,F
COMPACTO,FORD,Ka Hatch,1.5-12V,FreeStyle,M-5,S,E,F
COMPACTO,FORD,Ka Hatch,1.5-12V,SE,M-5,S,E,F
COMPACTO,FORD,New Fiesta Hatch,1.0-12V,SEL,DCT-6,S,E,G
COMPACTO,FORD,New Fiesta Hatch,1.6-16V,SE,DCT-6,S,E,F
COMPACTO,FORD,New Fiesta Hatch,1.6-16V,SEL,DCT-6,S,E,F
COMPACTO,FORD,New Fiesta Hatch,1.6-16V,SE,M-5,S,E,F
COMPACTO,FORD,New Fiesta Hatch,1.6-16V,SEL,M-5,S,E,F
COMPACTO,HONDA,Fit,1.5-16V,DX,M-5,S,E,F
COMPACTO,HONDA,Fit,1.5-16V,LX,M-5,S,E,F
COMPACTO,HONDA,Fit,1.5-16V,DX,CVT,S,E,F
COMPACTO,HONDA,Fit,1.5-16V,LX,CVT,S,E,F
COMPACTO,HONDA,Fit,1.5-16V,EX,CVT,S,E,F
COMPACTO,HONDA,Fit,1.5-16V,EXL,CVT,S,E,F
COMPACTO,HONDA,Fit,1.5-16V,PERSONAL,CVT,S,E,F
COMPACTO,HYUNDAI,HB20,1.0-12V,Unique,M-5,S,H,F
COMPACTO,HYUNDAI,HB20,1.0-12V,Comfort Plus,M-5,S,H,F
COMPACTO,HYUNDAI,HB20,1.0-12V,Style,M-5,S,H,F
COMPACTO,HYUNDAI,HB20,1.6-16V,Comfort Plus,M-6,S,H,F
COMPACTO,HYUNDAI,HB20,1.6-16V,Style,M-6,S,H,F
COMPACTO,HYUNDAI,HB20,1.6-16V,Comfort Plus,A-6,S,H,F
COMPACTO,HYUNDAI,HB20,1.6-16V,Style,A-6,S,H,F
COMPACTO,HYUNDAI,HB20,1.6-16V,Premium,A-6,S,H,F
COMPACTO,HYUNDAI,HB20,1.6-16V,Rspec,A-6,S,H,F
COMPACTO,HYUNDAI,HB20,1.0-12V Turbo,Comfort Plus,M-6,S,H,F
COMPACTO,HYUNDAI,HB20,1.0-12V Turbo,Style,M-6,S,H,F
COMPACTO,MINI,Cooper,1.5-12V,5P,DCT-7,S,E-H,G
COMPACTO,MINI,Cooper,2.0-16V,S 5P,DCT-7,S,E-H,G
COMPACTO,MINI,Cooper,1.5-12V,,DCT-7,S,E-H,G
COMPACTO,MINI,Cabrio,1.5-12V,Cooper,DCT-7,S,E-H,G
COMPACTO,NISSAN,New March,1.0-12V,10 Conforto,M-5,S,E,F
COMPACTO,NISSAN,New March,1.0-12V,10 S,M-5,S,E,F
COMPACTO,NISSAN,New March,1.0-12V,10 SV,M-5,S,E,F
COMPACTO,NISSAN,New March,1.6-16V,16 S,M-5,S,E,F
COMPACTO,NISSAN,New March,1.6-16V,16 SV,M-5,S,E,F
COMPACTO,NISSAN,New March,1.6-16V,16 SL,M-5,S,E,F
COMPACTO,NISSAN,New March,1.6-16V,16 SL,CVT,S,E,F
COMPACTO,NISSAN,New March,1.6-16V,16 SV,CVT,S,E,F
COMPACTO,PEUGEOT,208,1.6 THP 16V Flex,GT,M-6,S,E,F
COMPACTO,PEUGEOT,208,1.2-12V,Active MT,M-5,S,E,F
COMPACTO,PEUGEOT,208,1.2-12V,Act Pack MT,M-5,S,E,F
COMPACTO,PEUGEOT,208,1.2-12V,Allure MT,M-5,S,E,F
COMPACTO,PEUGEOT,208,1.6-16V,GRIFFE EAT6,A-6,S,E,F
COMPACTO,PEUGEOT,208,1.6-16V,ACTIVE PK AT,A-6,S,E,F
COMPACTO,RENAULT,Sandero,1.0-12V,Authentique,M-5,S,E-H,F
COMPACTO,RENAULT,Sandero,1.0-12V,Expression,M-5,S,E-H,F
COMPACTO,RENAULT,Sandero,1.6-16V,Dynamique,M-5,S,E-H,F
COMPACTO,RENAULT,Sandero,1.6-16V,Expression,M-5,S,E-H,F
COMPACTO,RENAULT,Sandero,1.6-16V,Expression,MTA-5,S,E-H,F
COMPACTO,RENAULT,Sandero,1.6-16V,Dynamique,MTA-5,S,E-H,F
COMPACTO,RENAULT,Sandero,1.6-16V,GT Line,M-5,S,E-H,F
COMPACTO,RENAULT,Sandero RS,2.0-16V,2,0 RS,M-6,S,E-H,F
COMPACTO,TOYOTA,Etios Hatchback,1.3-16V,X,M-6,S,E,F
COMPACTO,TOYOTA,Etios Hatchback,1.3-16V,X,A-4,S,E,F
COMPACTO,TOYOTA,Etios Hatchback,1.5-16V,XS,M-6,S,E,F
COMPACTO,TOYOTA,Etios Hatchback,1.5-16V,XLS,M-6,S,E,F
COMPACTO,TOYOTA,Etios Hatchback,1.5-16V,X PLUS,M-6,S,E,F
COMPACTO,TOYOTA,Etios Hatchback,1.5-16V,PLATINUM,M-6,S,E,F
COMPACTO,TOYOTA,Etios Hatchback,1.5-16V,CROSS,M-6,S,E,F
COMPACTO,TOYOTA,Etios Hatchback,1.5-16V,XS,A-4,S,E,F
COMPACTO,TOYOTA,Etios Hatchback,1.5-16V,XLS,A-4,S,E,F
COMPACTO,TOYOTA,Etios Hatchback,1.5-16V,X PLUS,A-4,S,E,F
COMPACTO,TOYOTA,Etios Hatchback,1.5-16V,PLATINUM,A-4,S,E,F
COMPACTO,TOYOTA,Etios Hatchback,1.5-16V,CROSS,A-4,S,E,F
COMPACTO,TOYOTA,Etios Hatchback,1.5-16V,READY,A-4,S,E,F
COMPACTO,VOLKSWAGEN,Fox,1.6-8V,Connect,M-5,S,E,F
COMPACTO,VOLKSWAGEN,Fox,1.6-8V,Xtreme,M-5,S,E,F
COMPACTO,VOLKSWAGEN,Fox,1.6-8V,Connect (I-Motion),MTA-5,S,E,F
COMPACTO,VOLKSWAGEN,Gol,1.0-12V,(Rodas aro 15),M-5,S,H,F
COMPACTO,VOLKSWAGEN,Gol,1.6-8V,,M-5,S,H,F
COMPACTO,VOLKSWAGEN,Gol,1.6-16V,,A-6,S,H,F
COMPACTO,VOLKSWAGEN,Gol,1.0-12V,(Rodas aro 14),M-5,S,H,F
MÉDIO,AUDI,A1 Sportback,1.4-16V,Attraction,DCT-7,S,E,G
MÉDIO,AUDI,A1 Sportback,1.8-16V,Ambition,DCT-7,S,E,G
MÉDIO,AUDI,A3 Sportback,1.4-16V,Attraction,DCT-7,S,E,G
MÉDIO,AUDI,A3 Sportback,1.4-16V,Ambiente,DCT-7,S,E,G
MÉDIO,AUDI,RS3 Sportback,2.5-20V,-,DCT-7,S,E,G
MÉDIO,BMW,220i,2.0-16V,CAT ActiveFlex,A-8,S,E-H,F
MÉDIO,BMW,M140i,3.0-24V,-,A-8,S,E-H,G
MÉDIO,BMW,120i,2.0-16V,Gasolina,A-8,S,E-H,G
MÉDIO,BMW,125i,2.0-16V,Gasolina,A-8,S,E-H,G
MÉDIO,BMW,i3,0.6-8V,REX 94Ah,A-1,S,E-H,G
MÉDIO,CHEVROLET,Cobalt (MY19),1.4L-8V,1,4 LT,M-6,S,E,F
MÉDIO,CHEVROLET,Cobalt (MY19),1.4L-8V,1,4 LTZ,M-6,S,E,F
MÉDIO,CHEVROLET,Cobalt (MY19),1.8-8V,1,8 AT ELITE,A-6,S,E,F
MÉDIO,CHEVROLET,Cobalt (MY19),1.8-8V,1,8 AT LTZ,A-6,S,E,F
MÉDIO,CHEVROLET,Cobalt (MY19),1.8-8V,1,8M LT,M-6,S,E,F
MÉDIO,CHEVROLET,Cobalt (MY19),1.8-8V,1,8M LTZ,M-6,S,E,F
MÉDIO,CHEVROLET,Prisma (MY19),1.4L-8V,1,4AT LTZ,A-6,S,E,F
MÉDIO,CHEVROLET,Prisma (MY19),1.4L-8V,1,4MT LTZ,M-6,S,E,F
MÉDIO,CHEVROLET,Prisma (MY19),1.0L-8V,1,0MT LT,M-6,S,E,F
MÉDIO,CHEVROLET,Prisma (MY19),1.4L-8V,1,4AT ADV,A-6,S,E,F
MÉDIO,CHEVROLET,Prisma (MY19),1.4L-8V,1,4AT LT,A-6,S,E,F
MÉDIO,CHEVROLET,Prisma (MY19),1.4L-8V,1,4MT LT,M-6,S,E,F
MÉDIO,CHEVROLET,Prisma Joy (MY19),1.0L-8V,10MT JOYE,M-6,S,E,F
MÉDIO,CHEVROLET,Spin (MY19),1.8-8V,1,8L MT LT (5L),M-6,S,E,F
MÉDIO,CHEVROLET,Spin (MY19),1.8-8V,1,8L MT LS E (5L),M-6,S,E,F
MÉDIO,CHEVROLET,Spin (MY19),1.8-8V,AT ACT (5L),A-6,S,E,F
MÉDIO,CHEVROLET,Spin (MY19),1.8-8V,AT LT (5L),A-6,S,E,F
MÉDIO,FIAT,Cronos,1.3-8V,DRIVE,M-5,S,E,F
MÉDIO,FIAT,Cronos,1.3-8V,DRIVE GSR,MTA-5,S,E,F
MÉDIO,FIAT,Cronos,1.8-16V,PRECISION,M-5,S,E,F
MÉDIO,FIAT,Cronos,1.8-16V,PRECISION,A-6,S,E,F
MÉDIO,FIAT,Cronos,1.8-16V,DRIVE,A-6,S,E,F
MÉDIO,FIAT,Dobló,1.8-16V,ESSENCE,M-5,S,H,F
MÉDIO,FIAT,Grand Siena,1.0-8V,ATTRACTIVE,M-5,S,H,F
MÉDIO,FIAT,Grand Siena,1.4-8V,ATTRACTIVE,M-5,S,H,F
MÉDIO,FIAT,Weekend,1.4-8V,ADVENTURE,M-5,S,H,F
MÉDIO,FORD,Ka Sedan,1.0-12V,SE,M-5,S,E,F
MÉDIO,FORD,Ka Sedan,1.5-12V,SE,A-6,S,E,F
MÉDIO,FORD,Ka Sedan,1.5-12V,Titanium,A-6,S,E,F
MÉDIO,FORD,Ka Sedan,1.5-12V,SE,M-5,S,E,F
MÉDIO,FORD,Ka Sedan,1.5-12V,SEL,M-5,S,E,F
MÉDIO,FORD,New Fiesta Sedan,1.6-16V,SEL,DCT-6,S,E,F
MÉDIO,FORD,New Fiesta Sedan,1.6-16V,Titanium,DCT-6,S,E,F
MÉDIO,FORD,New Fiesta Sedan,1.6-16V,SEL,M-5,S,E,F
MÉDIO,FORD,New Fiesta Sedan,1.6-16V,Titanium,M-5,S,E,F
MÉDIO,HONDA,City,1.5-16V,DX,M-5,S,E,F
MÉDIO,HONDA,City,1.5-16V,DX,CVT,S,E,F
MÉDIO,HONDA,City,1.5-16V,LX,CVT,S,E,F
MÉDIO,HONDA,City,1.5-16V,EX,CVT,S,E,F
MÉDIO,HONDA,City,1.5-16V,EXL,CVT,S,E,F
MÉDIO,HONDA,City,1.5-16V,PERSONAL,CVT,S,E,F
MÉDIO,HYUNDAI,HB20S,1.0-12V,Unique,M-5,S,H,F
MÉDIO,HYUNDAI,HB20S,1.0-12V,Comfort Plus,M-5,S,H,F
MÉDIO,HYUNDAI,HB20S,1.0-12V,Style,M-5,S,H,F
MÉDIO,HYUNDAI,HB20S,1.6-16V,Comfort Plus,M-6,S,H,F
MÉDIO,HYUNDAI,HB20S,1.6-16V,Style,M-6,S,H,F
MÉDIO,HYUNDAI,HB20S,1.6-16V,Comfort Plus,A-6,S,H,F
MÉDIO,HYUNDAI,HB20S,1.6-16V,Style,A-6,S,H,F
MÉDIO,HYUNDAI,HB20S,1.6-16V,Premium,A-6,S,H,F
MÉDIO,HYUNDAI,HB20S,1.0-12V Turbo,Comfort Plus,M-6,S,H,F
MÉDIO,HYUNDAI,HB20S,1.0-12V Turbo,Style,M-6,S,H,F
MÉDIO,KIA,Rio,1.6-16V,EX 1,6 FF MT HB,M-6,S,E,F
MÉDIO,KIA,Rio,1.6-16V,LX 1,6 FF MT HB,M-6,S,E,F
MÉDIO,KIA,Rio,1.6-16V,EX 1,6 FF AT HB,A-6,S,E,F
MÉDIO,KIA,Rio,1.6-16V,LX 1,6 FF AT HB,A-6,S,E,F
MÉDIO,LEXUS,CT200H,1.8-16V,CT200H,CVT,S,E,G
MÉDIO,LEXUS,CT200H,1.8-16V,F SPORT,CVT,S,E,G
MÉDIO,MINI,Cooper,2.0-16V,S Clubman,A-8,S,E-H,G
MÉDIO,MINI,Countryman,2.0-16V,Cooper S,A-8,S,E-H,G
MÉDIO,MINI,Countryman,2.0-16V,Cooper S ALL4,A-8,S,E-H,G
MÉDIO,MINI,Countryman,1.5-12V,Cooper,A-6,S,E-H,G
MÉDIO,MINI,Countryman,2.0-16V,JCW,A-8,S,E-H,G
MÉDIO,NISSAN,New Versa,1.0-12V,10 Conforto,M-5,S,E,F
MÉDIO,NISSAN,New Versa,1.0-12V,10 S,M-5,S,E,F
MÉDIO,NISSAN,New Versa,1.6-16V,16 S,M-5,S,E,F
MÉDIO,NISSAN,New Versa,1.6-16V,16 SV,M-5,S,E,F
MÉDIO,NISSAN,New Versa,1.6-16V,16 SL,M-5,S,E,F
MÉDIO,NISSAN,New Versa,1.6-16V,16 SV,CVT,S,E,F
MÉDIO,NISSAN,New Versa,1.6-16V,16 SL,CVT,S,E,F
MÉDIO,NISSAN,New Versa,1.6-16V,16 UNIQUE,CVT,S,E,F
MÉDIO,RENAULT,Logan,1.6-16V,Dynamique,MTA-5,S,E-H,F
MÉDIO,RENAULT,Logan,1.6-16V,Expression,MTA-5,S,E-H,F
MÉDIO,RENAULT,Logan,1.0-12V,Authentique,M-5,S,E-H,F
MÉDIO,RENAULT,Logan,1.0-12V,Expression,M-5,S,E-H,F
MÉDIO,RENAULT,Logan,1.6-16V,Dynamique,M-5,S,E-H,F
MÉDIO,RENAULT,Logan,1.6-16V,Expression,M-5,S,E-H,F
MÉDIO,RENAULT,Zoe NR,Elétrico,Intens,AUT,S,E,E
MÉDIO,RENAULT,Zoe NR,Elétrico,Life,AUT,S,E,E
MÉDIO,RENAULT,Zoe LR,Elétrico,Intens LR,AUT,S,E,E
MÉDIO,RENAULT,Zoe LR,Elétrico,Life LR,AUT,S,E,E
MÉDIO,RENAULT,Zoe LR,Elétrico,ULT LR,AUT,S,E,E
MÉDIO,SSANGYONG,XLV,1.6-16V,G DLX,A-6,S,E,G
MÉDIO,SSANGYONG,XLV,1.6-16V,G STD,A-6,S,E,G
MÉDIO,SSANGYONG,Tivoli,1.6-16V,G DLX,A-6,S,E,G
MÉDIO,SSANGYONG,Tivoli,1.6-16V,G STD,A-6,S,E,G
MÉDIO,TOYOTA,Etios Sedã,1.5-16V,X,M-6,S,E,F
MÉDIO,TOYOTA,Etios Sedã,1.5-16V,XS,M-6,S,E,F
MÉDIO,TOYOTA,Etios Sedã,1.5-16V,XLS,M-6,S,E,F
MÉDIO,TOYOTA,Etios Sedã,1.5-16V,X PLUS,M-6,S,E,F
MÉDIO,TOYOTA,Etios Sedã,1.5-16V,PLATINUM,M-6,S,E,F
MÉDIO,TOYOTA,Etios Sedã,1.5-16V,X,A-4,S,E,F
MÉDIO,TOYOTA,Etios Sedã,1.5-16V,XS,A-4,S,E,F
MÉDIO,TOYOTA,Etios Sedã,1.5-16V,XLS,A-4,S,E,F
MÉDIO,TOYOTA,Etios Sedã,1.5-16V,X PLUS,A-4,S,E,F
MÉDIO,TOYOTA,Etios Sedã,1.5-16V,PLATINUM,A-4,S,E,F
MÉDIO,TOYOTA,Prius,1.8-16V,NGA,CVT,S,E,G
MÉDIO,TOYOTA,Prius,1.8-16V,NGA Top,CVT,S,E,G
MÉDIO,TOYOTA,Yaris Hatchback,1.3-16V,XL,M-6,S,E,F
MÉDIO,TOYOTA,Yaris Hatchback,1.3-16V,XL,CVT,S,E,F
MÉDIO,TOYOTA,Yaris Hatchback,1.3-16V,XL PLUS TECH,CVT,S,E,F
MÉDIO,TOYOTA,Yaris Hatchback,1.5-16V,XS,CVT,S,E,F
MÉDIO,TOYOTA,Yaris Hatchback,1.5-16V,X-WAY,CVT,S,E,F
MÉDIO,TOYOTA,Yaris Hatchback,1.5-16V,XLS,CVT,S,E,F
MÉDIO,TOYOTA,Yaris Sedã,1.5-16V,XL,M-6,S,E,F
MÉDIO,TOYOTA,Yaris Sedã,1.5-16V,XL,CVT,S,E,F
MÉDIO,TOYOTA,Yaris Sedã,1.5-16V,XL PLUS TECH,CVT,S,E,F
MÉDIO,TOYOTA,Yaris Sedã,1.5-16V,XS,CVT,S,E,F
MÉDIO,TOYOTA,Yaris Sedã,1.5-16V,XLS,CVT,S,E,F
MÉDIO,VOLVO,V40 (aro 17"),2.0-16V,T4 Inscription,DCT-6,S,E,G
MÉDIO,VOLVO,V40 (aro 17"),2.0-16V,2,0 T4 Kinetic,DCT-6,S,E,G
MÉDIO,VOLVO,V40 (aro 17"),2.0-16V,T4 Momentum,DCT-6,S,E,G
MÉDIO,VOLVO,V40 (aro 17"),2.0-16V,T4 R-Design,DCT-6,S,E,G
MÉDIO,VOLVO,V40 (aro 17"),2.0-16V,T4 Summum,DCT-6,S,E,G
MÉDIO,VOLVO,V40 (aro 18"),2.0-16V,T4 Inscription,DCT-6,S,E,G
MÉDIO,VOLVO,V40 (aro 18"),2.0-16V,2,0 T4 Kinetic,DCT-6,S,E,G
MÉDIO,VOLVO,V40 (aro 18"),2.0-16V,2,0 T4 Momentum,DCT-6,S,E,G
MÉDIO,VOLVO,V40 (aro 18"),2.0-16V,T4 R-Design,DCT-6,S,E,G
MÉDIO,VOLVO,V40 (aro 18"),2.0-16V,T4 Summum,DCT-6,S,E,G
MÉDIO,VOLVO,V40,2.0-16V,2,0 T5 Comfort,A-8,S,E,G
MÉDIO,VOLVO,V40,2.0-16V,2,0 T5 Dynamic,A-8,S,E,G
MÉDIO,VOLVO,V40,2.0-16V,2,0 T5 Kinetic,A-8,S,E,G
MÉDIO,VOLVO,V40,2.0-16V,2,0 T5 Momentum,A-8,S,E,G
MÉDIO,VOLVO,V40,2.0-16V,2,0 T5 R-Design,A-8,S,E,G
MÉDIO,VOLVO,V40,2.0-16V,2,0 T5 Top,A-8,S,E,G
MÉDIO,VOLKSWAGEN,Golf,1.0-12V,COMFORTLINE,A-6,S,E,F
MÉDIO,VOLKSWAGEN,Golf,1.4-16V,HIGHLINE,A-6,S,E,F
MÉDIO,VOLKSWAGEN,Golf,2.0-16V,GTI,DCT-6,S,E,G
MÉDIO,VOLKSWAGEN,Polo,1.0-12V,,M-5,S,E,F
MÉDIO,VOLKSWAGEN,Polo,1.6-16V,,M-5,S,E,F
MÉDIO,VOLKSWAGEN,Polo,1.0-12V,200 TSI Comfortline (R15"),A-6,S,E,F
MÉDIO,VOLKSWAGEN,Polo,1.0-12V,200 TSI Comfortline (R16"),A-6,S,E,F
MÉDIO,VOLKSWAGEN,Polo,1.0-12V,200 TSI Highline,A-6,S,E,F
MÉDIO,VOLKSWAGEN,Polo,1.6-16V,,A-6,S,E,F
MÉDIO,VOLKSWAGEN,Spacefox,1.6-8V,Trendline,M-5,S,E,F
MÉDIO,VOLKSWAGEN,Spacefox,1.6-8V,Trendline (I-Motion),MTA-5,S,E,F
MÉDIO,VOLKSWAGEN,Virtus,1.6-16V,,M-5,S,E,F
MÉDIO,VOLKSWAGEN,Virtus,1.0-12V,200 TSI Comfortline,A-6,S,E,F
MÉDIO,VOLKSWAGEN,Virtus,1.0-12V,200 TSI Comfortline,A-6,S,E,F
MÉDIO,VOLKSWAGEN,Virtus,1.6-16V,,A-6,S,E,F
MÉDIO,VOLKSWAGEN,Voyage,1.0-12V,(Rodas aro 14),M-5,S,H,F
MÉDIO,VOLKSWAGEN,Voyage,1.0-12V,(Rodas aro 15),M-5,S,H,F
MÉDIO,VOLKSWAGEN,Voyage,1.6-8V,,M-5,S,H,F
MÉDIO,VOLKSWAGEN,Voyage,1.6-16V,,A-6,S,H,F
GRANDE,AUDI,A3 Cabriolet,2.0-16V,-,DCT-7,S,E,G
GRANDE,AUDI,A3 Sedan,1.4-16V,Attraction,A-6,S,E,F
GRANDE,AUDI,A3 Sedan,1.4-16V,Attraction,A-6,S,E,F
GRANDE,AUDI,A3 Sedan,2.0-16V,Ambition,DCT-6,S,E,G
GRANDE,AUDI,RS3 Sedan,2.5-20V,-,DCT-7,S,E,G
GRANDE,AUDI,Q3,1.4-16V,Attraction,DCT-6,S,E,F
GRANDE,AUDI,Q3,1.4-16V,Ambiente,DCT-6,S,E,F
GRANDE,AUDI,Q3,1.4-16V,Ambition,DCT-6,S,E,F
GRANDE,AUDI,Q3,2.0-16V,Attraction,DCT-7,S,E,G
GRANDE,AUDI,Q3,2.0-16V,Ambiente,DCT-7,S,E,G
GRANDE,AUDI,Q3,2.0-16V,Ambiente,DCT-7,S,E,G
GRANDE,AUDI,Q3,2.0-16V,Ambition,DCT-7,S,E,G
GRANDE,AUDI,RSQ3,2.5-20V,-,DCT-7,S,E,G
GRANDE,BMW,320i,2.0-16V,ActiveFlex,A-8,S,E-H,F
GRANDE,BMW,328i,2.0-16V,ActiveFlex,A-8,S,E-H,F
GRANDE,BMW,X1,2.0-16V,sDrive20i ActiveFlex,A-8,S,E-H,F
GRANDE,BMW,X1,2.0-16V,xDrive25i ActiveFlex,A-8,S,E-H,F
GRANDE,BMW,X2,1.5-12V,sDrive 18i Active Flex,A-6,S,E-H,F
GRANDE,BMW,X2,2.0-16V,sDrive 20i Active Flex,A-8,S,E-H,F
GRANDE,CAOA CHERY,Arrizo 5,1.5T-16V,RX,CVT,S,E,F
GRANDE,CAOA CHERY,Arrizo 5,1.5T-16V,RXT,CVT,S,E,F
GRANDE,CHEVROLET,Cruze (MY19),1.4T-16V,LT NB AT,A-6,S,E,F
GRANDE,CHEVROLET,Cruze (MY19),1.4T-16V,LTZ NB AT,A-6,S,E,F
GRANDE,CHEVROLET,Novo Cruze Sport6 (MY19),1.4T-16V,LT HB AT,A-6,S,E,F
GRANDE,CHEVROLET,Novo Cruze Sport6 (MY19),1.4T-16V,LTZ HB AT,A-6,S,E,F
GRANDE,CITROËN,C4 Lounge,1.6 THP 16V Flex,LIVE AUT,M-6,S,E-H,F
GRANDE,CITROËN,C4 Lounge,1.6 THP 16V Flex,FEEL AUT,M-6,S,E-H,F
GRANDE,CITROËN,C4 Lounge,1.6 THP 16V Flex,SHINE AUT,M-6,S,E-H,F
GRANDE,CITROËN,C4 Picasso,1.6 THP 16V,Intensive,A-6,S,E-H,G
GRANDE,FORD,Focus Fastback,2.0-16V,SE,DCT-6,S,E,F
GRANDE,FORD,Focus Fastback,2.0-16V,Titanium,DCT-6,S,E,F
GRANDE,FORD,Focus Hatch,1.6-16V,SE,DCT-6,S,H,F
GRANDE,FORD,Focus Hatch,1.6-16V,SE,M-5,S,E,F
GRANDE,FORD,Focus Hatch,2.0-16V,Titanium,DCT-6,S,E,F
GRANDE,FORD,Focus Hatch,2.0-16V,SE,DCT-6,S,E,F
GRANDE,HONDA,Civic,2.0-16V,SPORT,M-6,S,E,F
GRANDE,HONDA,Civic,2.0-16V,EX,CVT,S,E,F
GRANDE,HONDA,Civic,2.0-16V,EX-L,CVT,S,E,F
GRANDE,HONDA,Civic,2.0-16V,SPORT,CVT,S,E,F
GRANDE,HONDA,Civic,1.5T-16V,TOURING,CVT,S,E,G
GRANDE,HONDA,Civic,1.5T-16V,Coupe Si,M-6,S,E,G
GRANDE,HYUNDAI,Elantra,2.0-16V,,A-6,S,E,F
GRANDE,HYUNDAI,Elantra,2.0-16V,B,A-6,S,E,F
GRANDE,KIA,Cerato,1.6-16V,FF EX4 ATNB,A-6,S,E,F
GRANDE,KIA,Cerato,1.6-16V,FF LX4 ATNB,A-6,S,E,F
GRANDE,KIA,Cerato,1.6-16V,FF SX4 ATNB,A-6,S,E,F
GRANDE,LEXUS,IS200,2.0-16V,LUXURY,A-8,S,E,G
GRANDE,LEXUS,IS200,2.0-16V,F SPORT,A-8,S,E,G
GRANDE,MASERATI,Levante,3.0-24V,S,A-8,S,E,G
GRANDE,MERCEDES-BENZ,A250,2.0-16V,,DCT-7,S,E,G
GRANDE,MERCEDES-BENZ,AMG CLA 45 4Matic,2.0-16V,,DCT-7,S,E,G
GRANDE,MERCEDES-BENZ,CLA200 FF,1.6-16V,,DCT-7,S,E,F
GRANDE,MERCEDES-BENZ,CLA250 4Matic,2.0-16V,,DCT-7,S,E,G
GRANDE,MERCEDES-BENZ,CLA180,1.6-16V,,DCT-7,S,E,G
GRANDE,MERCEDES-BENZ,AMG GLA 45 4M,2.0-16V,,DCT-7,S,E,G
GRANDE,MERCEDES-BENZ,GLA200 FF,1.6-16V,,DCT-7,S,E,F
GRANDE,MERCEDES-BENZ,GLA200 FF,1.6-16V,STYLE,DCT-7,S,E,F
GRANDE,MERCEDES-BENZ,GLA250,2.0-16V,,DCT-7,S,E,G
GRANDE,MITSUBISHI,Lancer,2.0-16V,HL,CVT,S,H,G
GRANDE,MITSUBISHI,Lancer,2.0-16V,HL-T,CVT,S,H,G
GRANDE,NISSAN,Novo Sentra,2.0-16V,20 S,CVT,S,E,F
GRANDE,NISSAN,Novo Sentra,2.0-16V,20 SV,CVT,S,E,F
GRANDE,NISSAN,Novo Sentra,2.0-16V,20 SL,CVT,S,E,F
GRANDE,RENAULT,Fluence,2.0-16V,Dynamique,M-6,S,E,F
GRANDE,RENAULT,Fluence,2.0-16V,Expression,M-6,S,E,F
GRANDE,RENAULT,Fluence,2.0-16V,Privilège,M-6,S,E,F
GRANDE,RENAULT,Fluence,2.0-16V,Dynamique,CVT,S,E,F
GRANDE,RENAULT,Fluence,2.0-16V,Expression,CVT,S,E,F
GRANDE,RENAULT,Fluence,2.0-16V,Privilège,CVT,S,E,F
GRANDE,RENAULT,Fluence,2.0-16V,GT Line,CVT,S,E,F
GRANDE,RENAULT,Fluence,2.0-16V,Dynamique Plus,CVT,S,E,F
GRANDE,SUBARU,WRX,2.0-16V,2,CVT,S,E,G
GRANDE,SUBARU,WRX,2.5-16V,STI 2,5,M-6,S,E,G
GRANDE,TOYOTA,Corolla,1.8-16V,GLI,M-6,S,E,F
GRANDE,TOYOTA,Corolla,1.8-16V,GLI,CVT,S,E,F
GRANDE,TOYOTA,Corolla,2.0-16V,ALTIS,CVT,S,E,F
GRANDE,TOYOTA,Corolla,2.0-16V,XEI,CVT,S,E,F
GRANDE,TOYOTA,Corolla,2.0-16V,XRS,CVT,S,E,F
GRANDE,VOLKSWAGEN,Golf Variant,1.4-16V,COMFORTLINE,A-6,S,E,F
GRANDE,VOLKSWAGEN,Golf Variant,1.4-16V,HIGHLINE,A-6,S,E,F
GRANDE,VOLKSWAGEN,Jetta,1.4-16V,250 TSI,A-6,S,E,F
GRANDE,VOLKSWAGEN,Jetta,1.4-16V,COMFORTLINE 250 TSI,A-6,S,E,F
GRANDE,VOLKSWAGEN,Jetta,1.4-16V,R-LINE 250 TSI,A-6,S,E,F
EXTRA GRANDE,AUDI,A4 Sedan,2.0-16V,Attraction,DCT-7,S,E,G
EXTRA GRANDE,AUDI,A4 Sedan,2.0-16V,Ambiente,DCT-7,S,E,G
EXTRA GRANDE,AUDI,A4 Sedan,2.0-16V,Ambition,DCT-7,S,E,G
EXTRA GRANDE,AUDI,A4 Avant,2.0-16V,Attraction,DCT-7,S,E,G
EXTRA GRANDE,AUDI,A4 Avant,2.0-16V,Ambiente,DCT-7,S,E,G
EXTRA GRANDE,AUDI,A5 Sportback,2.0-16V,Attraction,DCT-7,S,E,G
EXTRA GRANDE,AUDI,A5 Sportback,2.0-16V,Ambiente,DCT-7,S,E,G
EXTRA GRANDE,AUDI,A5 Sportback,2.0-16V,Ambition,DCT-7,S,E,G
EXTRA GRANDE,AUDI,A6 Sedan,2.0-16V,Ambiente,DCT-7,S,E-H,G
EXTRA GRANDE,AUDI,A6 Sedan,3.0-24V,Ambition,DCT-7,S,E-H,G
EXTRA GRANDE,AUDI,A6 allroad,3.0-24V,Allroad,DCT-7,S,E,G
EXTRA GRANDE,AUDI,A7 Sportback,3.0-24V,Ambiente,DCT-7,S,E-H,G
EXTRA GRANDE,AUDI,A8 Sedan,4.0-32V,-,A-8,S,E,G
EXTRA GRANDE,AUDI,A8 Longo,6.3-48V,-,A-8,S,E,G
EXTRA GRANDE,AUDI,S8 Plus,4.0-32V,Sedan,A-8,S,E,G
EXTRA GRANDE,AUDI,Q5,2.0-16V,Blindada,DCT-7,S,E,G
EXTRA GRANDE,AUDI,RS4 Avant,2.9-24V,-,A-8,S,E,G
EXTRA GRANDE,AUDI,A6 Sedan,3.0-24V,-,DCT-7,S,E,G
EXTRA GRANDE,AUDI,A7 Sportback,3.0-24V,-,DCT-7,S,E,G
EXTRA GRANDE,BMW,M3,3.0-24V,Sedan,DCT-7,S,E-H,G
EXTRA GRANDE,BMW,750Li,4.4-32V,-,A-8,S,E-H,G
EXTRA GRANDE,BMW,M5,4.4-32V,-,A-8,S,E-H,G
EXTRA GRANDE,BMW,M4,3.0-24V,CS,A-7,S,E-H,G
EXTRA GRANDE,BMW,530i,2.0-16V,,A-8,S,E-H,G
EXTRA GRANDE,BMW,530E,2.0-16V,-,A-8,S,E-H,G
EXTRA GRANDE,CHRYSLER,300C,3.6-24V,300C,A-8,S,H,G
EXTRA GRANDE,DODGE,Durango,3.6-24V,LIMITED,A-8,S,H,G
EXTRA GRANDE,FORD,Fusion,2.0-16V,FWD SEL,A-6,S,E,G
EXTRA GRANDE,FORD,Fusion,2.0-16V,FWD Titanium,A-6,S,E,G
EXTRA GRANDE,FORD,Fusion,2.0-16V,AWD Titanium,A-6,S,E,G
EXTRA GRANDE,FORD,Fusion,2.0-16V,Hybrid,eCVT,S,E,G
EXTRA GRANDE,FORD,Fusion,2.5-16V,Flex SE,A-6,S,E,F
EXTRA GRANDE,FORD,Edge,2.7-24V,ST GTDI,A-8,S,E,G
EXTRA GRANDE,HONDA,Accord,2.0T-16V,TOURING,A-10,S,E,G
EXTRA GRANDE,HYUNDAI,Azera,3.0-24V,V6 GDI,A-8,S,E,G
EXTRA GRANDE,HYUNDAI,Azera,3.0-24V,3,0 V6,A-6,S,E,G
EXTRA GRANDE,JAGUAR,XF,2.0-16V,P250 PRESTIGE,A-8,S,E,G
EXTRA GRANDE,JAGUAR,XF,2.0-16V,P250 R-SPORT,A-8,S,E,G
EXTRA GRANDE,JAGUAR,XF,2.0-16V,PURE,A-8,S,E,G
EXTRA GRANDE,JAGUAR,XF,2.0-16V,2,0T PRESTIG,A-8,S,E,G
EXTRA GRANDE,JAGUAR,XF,2.0-16V,2,0T PURE TC,A-8,S,E,G
EXTRA GRANDE,JAGUAR,XF,2.0-16V,2,0T PURE,A-8,S,E,G
EXTRA GRANDE,JAGUAR,XF,2.0-16V,2,0T R-SPORT,A-8,S,E,G
EXTRA GRANDE,JAGUAR,XF,3.0-24V,V6 PORTFOLIO,A-8,S,E,G
EXTRA GRANDE,JAGUAR,XF,3.0-24V,V6 380CV S,A-8,S,E,G
EXTRA GRANDE,JAGUAR,XE,2.0-16V,P250 R-SPORT,A-8,S,E,G
EXTRA GRANDE,JAGUAR,XE,2.0-16V,P250 PURE,A-8,S,E,G
EXTRA GRANDE,JAGUAR,XE,2.0-16V,P200 R-SPORT,A-8,S,E,G
EXTRA GRANDE,JAGUAR,XE,2.0-16V,P200 PURE,A-8,S,E,G
EXTRA GRANDE,JAGUAR,XE,2.0-16V,2,0 PURE SI4,A-8,S,E,G
EXTRA GRANDE,JAGUAR,XE,2.0-16V,2,0 R-SPORT SI4,A-8,S,E,G
EXTRA GRANDE,JAGUAR,XE,3.0-24V,S 3,0 V6 SC,A-8,S,E,G
EXTRA GRANDE,JAGUAR,XJ,3.0-24V,3,0 SC R-SPORT,A-8,S,E,G
EXTRA GRANDE,JAGUAR,XJ,3.0-24V,3,0 SC PORT,A-8,S,E,G
EXTRA GRANDE,JAGUAR,XE,3.0-24V,P380 S,A-8,S,E,G
EXTRA GRANDE,KIA,Cadenza,3.3-24V,EX GDI,A-6,S,E,G
EXTRA GRANDE,KIA,Cadenza,3.3-24V,EX GDI,A-6,S,E,G
EXTRA GRANDE,KIA,Stinger,2.0-16V,EX 2,0 AT,A-8,S,E,G
EXTRA GRANDE,KIA,Stinger,3.3-24V,GT 3,3 AT,A-8,S,E,G
EXTRA GRANDE,KIA,Optima,2.0-16V,EX3 2,0 AT,A-6,S,E,G
EXTRA GRANDE,KIA,Optima,2.0-16V,LX3 2,0 AT,A-6,S,E,G
EXTRA GRANDE,LEXUS,ES350,3.5-24V,-,A-6,S,E,G
EXTRA GRANDE,LEXUS,NX200 4X4,2.0-16V,LUXURY,A-6,S,E,G
EXTRA GRANDE,LEXUS,NX200 4X4,2.0-16V,F SPORT,A-6,S,E,G
EXTRA GRANDE,LEXUS,LS460,4.6-32V,-,A-8,S,E,G
EXTRA GRANDE,LEXUS,NX300 4X4,2.0-16V,LUXURY,A-6,S,E,G
EXTRA GRANDE,LEXUS,NX300 4X4,2.0-16V,F SPORT,A-6,S,E,G
EXTRA GRANDE,LEXUS,NX300 4X4,2.0-16V,DYNAMIC,A-6,S,E,G
EXTRA GRANDE,LEXUS,NX300H,2.5-16V,LUXURY,CVT,S,E,G
EXTRA GRANDE,LEXUS,NX300H,2.5-16V,F-SPORT,CVT,S,E,G
EXTRA GRANDE,LEXUS,NX300H,2.5-16V,DYNAMIC,CVT,S,E,G
EXTRA GRANDE,LEXUS,LS500H,3.5-24V,L,CVT,S,E,G
EXTRA GRANDE,LEXUS,ES300H,2.5-16V,-,CVT,S,E,G
EXTRA GRANDE,MERCEDES-BENZ,C200,1.5-16V,,A-9,S,E,G
EXTRA GRANDE,MERCEDES-BENZ,C300,2.0-16V,,A-9,S,E,G
EXTRA GRANDE,MERCEDES-BENZ,AMG C 43 4Matic,3.0-24V,,A-9,S,E,G
EXTRA GRANDE,MERCEDES-BENZ,C180,1.6-16V,Coupé,A-9,S,E,G
EXTRA GRANDE,MERCEDES-BENZ,C300,2.0-16V,Estate,A-9,S,E,G
EXTRA GRANDE,MERCEDES-BENZ,E250,2.0-16V,Avantgarde,A-9,S,E,G
EXTRA GRANDE,MERCEDES-BENZ,E250,2.0-16V,Exclusive,A-9,S,E,G
EXTRA GRANDE,MERCEDES-BENZ,AMG E63S 4Matic+,4.0-32V,,A-9,S,E,G
EXTRA GRANDE,MERCEDES-BENZ,S560 L,4.0-32V,,A-9,S,E,G
EXTRA GRANDE,MERCEDES-BENZ,AMG S63L 4Matic,4.0-32V,,A-9,S,E,G
EXTRA GRANDE,MERCEDES-BENZ,Maybach S650,6.0-48V,,A-7,S,E,G
EXTRA GRANDE,TOYOTA,Camry,3.5-24V,XLE,A-8,S,E,G
EXTRA GRANDE,TOYOTA,RAV4 4X2,2.0-16V,2,0 4X2,CVT,S,E,G
EXTRA GRANDE,TOYOTA,RAV4 4X4,2.0-16V,4X4,CVT,S,E,G
EXTRA GRANDE,TOYOTA,RAV4 4X4,2.5-16V,4X4,A-6,S,E,G
EXTRA GRANDE,VOLVO,V60,2.0-16V,T5 Inscription,A-8,S,E,G
EXTRA GRANDE,VOLVO,V60,2.0-16V,T5 Momentum,A-8,S,E,G
EXTRA GRANDE,VOLVO,V60,2.0-16V,T5 R-Design,A-8,S,E,G
EXTRA GRANDE,VOLVO,S90,2.0-16V,T8 Inscription,A-8,S,E,G
EXTRA GRANDE,VOLVO,S90,2.0-16V,T8 R-Design,A-8,S,E,G
EXTRA GRANDE,VOLKSWAGEN,Passat,2.0-16V,Comfortline,DCT-6,S,E,G
EXTRA GRANDE,VOLKSWAGEN,Passat,2.0-16V,Highline,DCT-6,S,E,G
EXTRA GRANDE,VOLKSWAGEN,Tiguan,1.4-16V,Allspace 250 TSI,DCT-6,S,E,F
EXTRA GRANDE,VOLKSWAGEN,Tiguan,1.4-16V,Allspace Comfortline 250 TSI,DCT-6,S,E,F
EXTRA GRANDE,VOLKSWAGEN,Tiguan,2.0-16V,Allspace R-Line 350 TSI,DCT-7,S,E,G
EXTRA GRANDE,VOLKSWAGEN,Touareg V6,3.6-24V,,A-8,S,E-H,G
EXTRA GRANDE,VOLKSWAGEN,Touareg V8,4.2-32V,,A-8,S,E-H,G
UTILITÁRIO ESPORTIVO COMPACTO,CAOA CHERY,Tiggo 2,1.5-16V,DESERT,M-5,S,H,F
UTILITÁRIO ESPORTIVO COMPACTO,CAOA CHERY,Tiggo 2,1.5-16V,EXCLUSIVE,M-5,S,H,F
UTILITÁRIO ESPORTIVO COMPACTO,CAOA CHERY,Tiggo 2,1.5-16V,SPORT,M-5,S,H,F
UTILITÁRIO ESPORTIVO COMPACTO,CAOA CHERY,Tiggo 2,1.5-16V,1,5 ACT,M-5,S,H,F
UTILITÁRIO ESPORTIVO COMPACTO,CAOA CHERY,Tiggo 2,1.5-16V,1,5 LOOK,M-5,S,H,F
UTILITÁRIO ESPORTIVO COMPACTO,CAOA CHERY,Tiggo 2,1.5-16V,1,5 LUX,M-5,S,H,F
UTILITÁRIO ESPORTIVO COMPACTO,CAOA CHERY,Tiggo 2,1.5-16V,1,5 SMILE,M-5,S,H,F
UTILITÁRIO ESPORTIVO COMPACTO,CAOA CHERY,Tiggo 2,1.5-16V,1,5 AT ACT,A-4,S,H,F
UTILITÁRIO ESPORTIVO COMPACTO,CAOA CHERY,Tiggo 2,1.5-16V,1,5 AT EX,A-4,S,H,F
UTILITÁRIO ESPORTIVO COMPACTO,CAOA CHERY,Tiggo 2,1.5-16V,1,5 AT LOOK,A-4,S,H,F
UTILITÁRIO ESPORTIVO COMPACTO,CAOA CHERY,Tiggo 5X,1.5T-16V,T,DCT-6,S,E,F
UTILITÁRIO ESPORTIVO COMPACTO,CAOA CHERY,Tiggo 5X,1.5T-16V,TXS,DCT-6,S,E,F
UTILITÁRIO ESPORTIVO COMPACTO,CHEVROLET,Tracker (MY19),1.4T-16V,LT,A-6,S,E,F
UTILITÁRIO ESPORTIVO COMPACTO,CHEVROLET,Tracker (MY19),1.4T-16V,MIDNIGHT,A-6,S,E,F
UTILITÁRIO ESPORTIVO COMPACTO,CHEVROLET,Tracker (MY19),1.4T-16V,PREMIER,A-6,S,E,F
UTILITÁRIO ESPORTIVO COMPACTO,CITROËN,Aircross,1.6-16V,START MT,M-5,S,E,F
UTILITÁRIO ESPORTIVO COMPACTO,CITROËN,Aircross,1.6-16V,LIVE MT,M-5,S,E,F
UTILITÁRIO ESPORTIVO COMPACTO,CITROËN,Aircross,1.6-16V,SHINE AT,A-6,S,E,F
UTILITÁRIO ESPORTIVO COMPACTO,CITROËN,Aircross,1.6-16V,LIVE AT,A-6,S,E,F
UTILITÁRIO ESPORTIVO COMPACTO,CITROËN,C4 Cactus,1.6-16V,Live,M-5,S,E,F
UTILITÁRIO ESPORTIVO COMPACTO,CITROËN,C4 Cactus,1.6-16V,Feel,M-5,S,E,F
UTILITÁRIO ESPORTIVO COMPACTO,CITROËN,C4 Cactus,1.6-16V,Shine A,A-6,S,E,F
UTILITÁRIO ESPORTIVO COMPACTO,CITROËN,C4 Cactus,1.6-16V,Feel A,A-6,S,E,F
UTILITÁRIO ESPORTIVO COMPACTO,CITROËN,C4 Cactus,1.6 THP 16V Flex,Shine T,A-6,S,E,F
UTILITÁRIO ESPORTIVO COMPACTO,FIAT,Dobló,1.8-16V,ADVENTURE,M-5,S,H,F
UTILITÁRIO ESPORTIVO COMPACTO,FIAT,Weekend,1.8-16V,ADVENTURE,M-5,S,H,F
UTILITÁRIO ESPORTIVO COMPACTO,FORD,EcoSport,1.5-12V,SE,A-6,S,E,F
UTILITÁRIO ESPORTIVO COMPACTO,FORD,EcoSport,1.5-12V,FreeStyle,A-6,S,E,F
UTILITÁRIO ESPORTIVO COMPACTO,FORD,EcoSport,1.5-12V,100 Anos,A-6,S,E,F
UTILITÁRIO ESPORTIVO COMPACTO,FORD,EcoSport,1.5-12V,SE,M-5,S,E,F
UTILITÁRIO ESPORTIVO COMPACTO,FORD,EcoSport,1.5-12V,SE,M-5,S,E,F
UTILITÁRIO ESPORTIVO COMPACTO,FORD,EcoSport,2.0-16V,Titanium,A-6,S,E,F
UTILITÁRIO ESPORTIVO COMPACTO,FORD,EcoSport,2.0-16V,Storm 4WD,A-6,S,E,F
UTILITÁRIO ESPORTIVO COMPACTO,HONDA,HR-V,1.8-16V,LX,M-6,S,E,F
UTILITÁRIO ESPORTIVO COMPACTO,HONDA,HR-V,1.8-16V,LX,CVT,S,E,F
UTILITÁRIO ESPORTIVO COMPACTO,HONDA,HR-V,1.8-16V,EX,CVT,S,E,F
UTILITÁRIO ESPORTIVO COMPACTO,HONDA,HR-V,1.8-16V,EXL,CVT,S,E,F
UTILITÁRIO ESPORTIVO COMPACTO,HONDA,HR-V,1.8-16V,EX,CVT,S,E,F
UTILITÁRIO ESPORTIVO COMPACTO,HONDA,WR-V,1.5-16V,EX,CVT,S,E,F
UTILITÁRIO ESPORTIVO COMPACTO,HONDA,WR-V,1.5-16V,EXL,CVT,S,E,F
UTILITÁRIO ESPORTIVO COMPACTO,HYUNDAI,Tucson,2.0-16V,GLSB,A-4,S,H,F
UTILITÁRIO ESPORTIVO COMPACTO,HYUNDAI,HB20X,1.6-16V,Style,M-6,S,E,F
UTILITÁRIO ESPORTIVO COMPACTO,HYUNDAI,HB20X,1.6-16V,Style,A-6,S,E,F
UTILITÁRIO ESPORTIVO COMPACTO,HYUNDAI,HB20X,1.6-16V,Premium,A-6,S,E,F
UTILITÁRIO ESPORTIVO COMPACTO,HYUNDAI,Creta,1.6-16V,Attitude,M-6,S,E,F
UTILITÁRIO ESPORTIVO COMPACTO,HYUNDAI,Creta,1.6-16V,Pulse,M-6,S,E,F
UTILITÁRIO ESPORTIVO COMPACTO,HYUNDAI,Creta,1.6-16V,Attitude,A-6,S,E,F
UTILITÁRIO ESPORTIVO COMPACTO,HYUNDAI,Creta,1.6-16V,Pulse,A-6,S,E,F
UTILITÁRIO ESPORTIVO COMPACTO,HYUNDAI,Creta,1.6-16V,Smart,A-6,S,E,F
UTILITÁRIO ESPORTIVO COMPACTO,HYUNDAI,Creta,2.0-16V,Pulse,A-6,S,E,F
UTILITÁRIO ESPORTIVO COMPACTO,HYUNDAI,Creta,2.0-16V,Prestige,A-6,S,E,F
UTILITÁRIO ESPORTIVO COMPACTO,HYUNDAI,Creta,2.0-16V,Sport,A-6,S,E,F
UTILITÁRIO ESPORTIVO COMPACTO,JAC,T40,1.6-16V,1,6 DVVT CVT,CVT,S,E,G
UTILITÁRIO ESPORTIVO COMPACTO,JAC,T40,1.5-16V,1,5 JETFLEX,M-5,S,E,F
UTILITÁRIO ESPORTIVO COMPACTO,JAC,T50,1.6-16V,1,6 DVVT CVT,CVT,S,E,G
UTILITÁRIO ESPORTIVO COMPACTO,JEEP,Renegade,1.8-16V,SPORT,M-5,S,E,F
UTILITÁRIO ESPORTIVO COMPACTO,JEEP,Renegade,1.8-16V,1,8,A-6,S,E,F
UTILITÁRIO ESPORTIVO COMPACTO,JEEP,Renegade,1.8-16V,SPORT,A-6,S,E,F
UTILITÁRIO ESPORTIVO COMPACTO,JEEP,Renegade,1.8-16V,LONGITUDE,A-6,S,E,F
UTILITÁRIO ESPORTIVO COMPACTO,JEEP,Renegade,1.8-16V,LIMITED,A-6,S,E,F
UTILITÁRIO ESPORTIVO COMPACTO,KIA,New Soul,1.6-16V,EX2 1,6 FF AT,A-6,S,E,F
UTILITÁRIO ESPORTIVO COMPACTO,KIA,New Soul,1.6-16V,LX2 1,6 FF AT,A-6,S,E,F
UTILITÁRIO ESPORTIVO COMPACTO,LIFAN,X60,1.8-16V,SR,M-5,S,H,G
UTILITÁRIO ESPORTIVO COMPACTO,LIFAN,X60,1.8-16V,1,8L TALENT,M-5,S,H,G
UTILITÁRIO ESPORTIVO COMPACTO,LIFAN,X60,1.8-16V,1,8L UNIQUE,M-5,S,H,G
UTILITÁRIO ESPORTIVO COMPACTO,LIFAN,X60,1.8-16V,1,8L VIP,M-5,S,H,G
UTILITÁRIO ESPORTIVO COMPACTO,LIFAN,X60,1.8-16V,1,8L VVT,M-5,S,H,G
UTILITÁRIO ESPORTIVO COMPACTO,MITSUBISHI,ASX,2.0-16V,2WD,CVT,S,E,F
UTILITÁRIO ESPORTIVO COMPACTO,NISSAN,Kicks,1.6-16V,16 S,M-5,S,E,F
UTILITÁRIO ESPORTIVO COMPACTO,NISSAN,Kicks,1.6-16V,16 S,CVT,S,E,F
UTILITÁRIO ESPORTIVO COMPACTO,NISSAN,Kicks,1.6-16V,16 SV,CVT,S,E,F
UTILITÁRIO ESPORTIVO COMPACTO,NISSAN,Kicks,1.6-16V,16 SL,CVT,S,E,F
UTILITÁRIO ESPORTIVO COMPACTO,NISSAN,Kicks,1.6-16V,16 S DRCT,CVT,S,E,F
UTILITÁRIO ESPORTIVO COMPACTO,NISSAN,Kicks,1.6-16V,16 UEFA CL,CVT,S,E,F
UTILITÁRIO ESPORTIVO COMPACTO,PEUGEOT,2008,1.6-16V,ALLURE MT,M-5,S,E,F
UTILITÁRIO ESPORTIVO COMPACTO,PEUGEOT,2008,1.6 THP 16V Flex,GRIFFE THPM,M-6,S,E,F
UTILITÁRIO ESPORTIVO COMPACTO,PEUGEOT,2008,1.6-16V,GRIFFE EAT6,A-6,S,E,F
UTILITÁRIO ESPORTIVO COMPACTO,PEUGEOT,2008,1.6-16V,ALLURE EAT6,A-6,S,E,F
UTILITÁRIO ESPORTIVO COMPACTO,PEUGEOT,2008,1.6-16V,CROSS EAT6,A-6,S,E,F
UTILITÁRIO ESPORTIVO COMPACTO,RENAULT,Captur,1.6-16V,Zen,M-5,S,E-H,F
UTILITÁRIO ESPORTIVO COMPACTO,RENAULT,Captur,1.6-16V,Intens,M-5,S,E-H,F
UTILITÁRIO ESPORTIVO COMPACTO,RENAULT,Captur,2.0-16V,Intens,A-4,S,E-H,F
UTILITÁRIO ESPORTIVO COMPACTO,RENAULT,Duster,2.0-16V,Dynamique (4X2),M-6,S,E-H,F
UTILITÁRIO ESPORTIVO COMPACTO,RENAULT,Sandero Stepway,1.6-16V,Stepway,M-5,S,E-H,F
UTILITÁRIO ESPORTIVO COMPACTO,RENAULT,Sandero Stepway,1.6-16V,Stepway,MTA-5,S,E-H,F
UTILITÁRIO ESPORTIVO COMPACTO,RENAULT,Duster,1.6-16V,Dynamique SCE,M-5,S,E-H,F
UTILITÁRIO ESPORTIVO COMPACTO,RENAULT,Duster,1.6-16V,Expression SCE,M-5,S,E-H,F
UTILITÁRIO ESPORTIVO COMPACTO,RENAULT,Duster,1.6-16V,(4x2),M-5,S,E-H,F
UTILITÁRIO ESPORTIVO COMPACTO,RENAULT,Captur,1.6-16V,Zen,CVT,S,E-H,F
UTILITÁRIO ESPORTIVO COMPACTO,RENAULT,Captur,1.6-16V,Intens,CVT,S,E-H,F
UTILITÁRIO ESPORTIVO COMPACTO,RENAULT,Duster,1.6-16V,Dynamique CVT,CVT,S,E-H,F
UTILITÁRIO ESPORTIVO COMPACTO,RENAULT,Duster,1.6-16V,Expression CVT,CVT,S,E-H,F
UTILITÁRIO ESPORTIVO COMPACTO,RENAULT,Kwid,1.0-12V,Intens,M-5,S,E,F
UTILITÁRIO ESPORTIVO COMPACTO,RENAULT,Kwid,1.0-12V,Life,M-5,S,E,F
UTILITÁRIO ESPORTIVO COMPACTO,RENAULT,Kwid,1.0-12V,Zen,M-5,S,E,F
UTILITÁRIO ESPORTIVO COMPACTO,RENAULT,Duster,2.0-16V,Dynamique (4X2),A-4,S,E-H,F
UTILITÁRIO ESPORTIVO COMPACTO,RENAULT,Duster,1.6-16V,16 A CVT,CVT,S,E-H,F
UTILITÁRIO ESPORTIVO COMPACTO,RENAULT,Sandero Stepway,1.6-16V,Stepway EXP,M-5,S,E-H,F
UTILITÁRIO ESPORTIVO COMPACTO,RENAULT,Captur,1.6-16V,Life 16A,CVT,S,E-H,F
UTILITÁRIO ESPORTIVO COMPACTO,SUZUKI,Vitara,1.6-16V,4ALL,A-6,S,E,G
UTILITÁRIO ESPORTIVO COMPACTO,SUZUKI,Vitara,1.6-16V,4YOU,A-6,S,E,G
UTILITÁRIO ESPORTIVO COMPACTO,SUZUKI,S-Cross,1.4-16V,4STYLE,A-6,S,E,G
UTILITÁRIO ESPORTIVO GRANDE,CAOA CHERY,Tiggo 7,1.5T-16V,T,DCT-6,S,E,F
UTILITÁRIO ESPORTIVO GRANDE,CAOA CHERY,Tiggo 7,1.5T-16V,TXS,DCT-6,S,E,F
UTILITÁRIO ESPORTIVO GRANDE,CHEVROLET,Equinox (MY19),2.0T-16V,LT Gasolina 4x2,A-9,S,E,G
UTILITÁRIO ESPORTIVO GRANDE,HYUNDAI,Santa Fé,3.3-24V,V6 7,A-6,S,E,G
UTILITÁRIO ESPORTIVO GRANDE,HYUNDAI,iX35,2.0-16V,(roda aro 18"),A-6,S,E,F
UTILITÁRIO ESPORTIVO GRANDE,HYUNDAI,iX35,2.0-16V,GLS (roda aro 18"),A-6,S,E,F
UTILITÁRIO ESPORTIVO GRANDE,HYUNDAI,iX35,2.0-16V,GL (roda aro 17"),A-6,S,E,F
UTILITÁRIO ESPORTIVO GRANDE,HYUNDAI,iX35,2.0-16V,GLS (roda aro 17"),A-6,S,E,F
UTILITÁRIO ESPORTIVO GRANDE,HYUNDAI,Tucson Turbo,1.6-16V,GL (roda aro 18"),A-7,S,E,G
UTILITÁRIO ESPORTIVO GRANDE,HYUNDAI,Tucson Turbo,1.6-16V,GLS (roda aro 18"),A-7,S,E,G
UTILITÁRIO ESPORTIVO GRANDE,HYUNDAI,Tucson Turbo,1.6-16V,GLS (roda aro 17"),A-7,S,E,G
UTILITÁRIO ESPORTIVO GRANDE,HYUNDAI,Tucson Turbo,1.6-16V,LTD (roda aro 18"),A-7,S,E,G
UTILITÁRIO ESPORTIVO GRANDE,JEEP,Compass,2.0-16V,SPORT,A-6,S,E,F
UTILITÁRIO ESPORTIVO GRANDE,JEEP,Compass,2.0-16V,LONGITUDE,A-6,S,E,F
UTILITÁRIO ESPORTIVO GRANDE,JEEP,Compass,2.0-16V,LIMITED,A-6,S,E,F
UTILITÁRIO ESPORTIVO GRANDE,KIA,Sorento,3.5-24V,3,5 EX4 G17,A-6,S,E,G
UTILITÁRIO ESPORTIVO GRANDE,KIA,Sorento,3.5-24V,3,5 EX4 G25,A-6,S,E,G
UTILITÁRIO ESPORTIVO GRANDE,KIA,Sorento,3.5-24V,3,5 EX4 G27,A-6,S,E,G
UTILITÁRIO ESPORTIVO GRANDE,KIA,Sorento,3.5-24V,3,5 LX4 G17,A-6,S,E,G
UTILITÁRIO ESPORTIVO GRANDE,KIA,Sorento,3.5-24V,3,5 LX4 G25,A-6,S,E,G
UTILITÁRIO ESPORTIVO GRANDE,KIA,Sorento,3.5-24V,3,5 LX4 G27,A-6,S,E,G
UTILITÁRIO ESPORTIVO GRANDE,KIA,Sorento,2.4-16V,2,4 EX3 G25,A-6,S,E,G
UTILITÁRIO ESPORTIVO GRANDE,KIA,Sorento,2.4-16V,2,4 EX3 G27,A-6,S,E,G
UTILITÁRIO ESPORTIVO GRANDE,KIA,Sorento,2.4-16V,2,4 LX3 G25,A-6,S,E,G
UTILITÁRIO ESPORTIVO GRANDE,KIA,Sorento,2.4-16V,2,4 LX3 G27,A-6,S,E,G
UTILITÁRIO ESPORTIVO GRANDE,KIA,Sportage,2.0-16V,EX2 FFG3,A-6,S,E,F
UTILITÁRIO ESPORTIVO GRANDE,KIA,Sportage,2.0-16V,LX2 FFG3,A-6,S,E,F
UTILITÁRIO ESPORTIVO GRANDE,MITSUBISHI,Outlander,2.0-16V,HPE,CVT,S,E,G
UTILITÁRIO ESPORTIVO GRANDE,MITSUBISHI,Outlander,2.0-16V,GLS,CVT,S,E,G
UTILITÁRIO ESPORTIVO GRANDE,MITSUBISHI,Eclipse Cross,1.5T-16V,HPE-S,CVT,S,E,G
UTILITÁRIO ESPORTIVO GRANDE,PEUGEOT,3008,1.6 THP 16V,GRIFFE AT,A-6,S,E,G
UTILITÁRIO ESPORTIVO GRANDE,PEUGEOT,5008,1.6 THP 16V,GRIFFE AT,A-6,S,E,G
UTILITÁRIO ESPORTIVO GRANDE,SSANGYONG,Korando,2.2-16V,DLX,A-6,S,E,D
UTILITÁRIO ESPORTIVO GRANDE,SSANGYONG,Korando,2.2-16V,STD,A-6,S,E,D
UTILITÁRIO ESPORTIVO GRANDE,TOYOTA,SW4 Flex 4X2,2.7-16V,SR,M-5,S,E,F
UTILITÁRIO ESPORTIVO GRANDE,TOYOTA,SW4 Flex 4X2,2.7-16V,SR 5S,A-6,S,E,F
UTILITÁRIO ESPORTIVO GRANDE,TOYOTA,SW4 Flex 4X2,2.7-16V,SR 7S,A-6,S,E,F
UTILITÁRIO ESPORTIVO GRANDE,TOYOTA,SW4 Flex 4X2,2.7-16V,SRV,A-6,S,E,F
UTILITÁRIO ESPORTIVO GRANDE,VOLVO,XC40,2.0-16V,T4,A-8,S,E,G
UTILITÁRIO ESPORTIVO GRANDE,VOLVO,XC40,2.0-16V,T4 Inscription,A-8,S,E,G
UTILITÁRIO ESPORTIVO GRANDE,VOLVO,XC40,2.0-16V,T4 Kinetic,A-8,S,E,G
UTILITÁRIO ESPORTIVO GRANDE,VOLVO,XC40,2.0-16V,T4 Momentum,A-8,S,E,G
UTILITÁRIO ESPORTIVO COMPACTO 4X4,MITSUBISHI,ASX,2.0-16V,AWD,CVT,S,E,F
UTILITÁRIO ESPORTIVO COMPACTO 4X4,RENAULT,Duster,2.0-16V,Dynamique (4x4),M-6,S,E-H,F
UTILITÁRIO ESPORTIVO COMPACTO 4X4,SUBARU,Impreza,2.0-16V,XV,CVT,S,E,G
UTILITÁRIO ESPORTIVO COMPACTO 4X4,SUBARU,XV,2.0-16V,2,CVT,S,E,G
UTILITÁRIO ESPORTIVO COMPACTO 4X4,SUZUKI,Vitara,1.4-16V,4SPORT ALLGRIP,A-6,S,E,G
UTILITÁRIO ESPORTIVO COMPACTO 4X4,SUZUKI,Vitara,1.4-16V,4STYLE ALLGRIP,A-6,S,E,G
UTILITÁRIO ESPORTIVO COMPACTO 4X4,SUZUKI,S-Cross,1.4-16V,4STYLE ALLGRIP,A-6,S,E,G
UTILITÁRIO ESPORTIVO COMPACTO 4X4,SUZUKI,S-Cross,1.4-16V,4STYLE-S ALLGRIP,A-6,S,E,G
UTILITÁRIO ESPORTIVO GRANDE 4X4,AUDI,Q5,2.0-16V,-,DCT-7,S,E,G
UTILITÁRIO ESPORTIVO GRANDE 4X4,AUDI,SQ5,3.0-24V,-,A-8,S,E,G
UTILITÁRIO ESPORTIVO GRANDE 4X4,AUDI,Q7,3.0-24V,-,A-8,S,E,G
UTILITÁRIO ESPORTIVO GRANDE 4X4,AUDI,Q7,3.0-24V,TDI,A-8,S,E,D
UTILITÁRIO ESPORTIVO GRANDE 4X4,AUDI,Q8,3.0-24V,-,A-8,S,E,G
UTILITÁRIO ESPORTIVO GRANDE 4X4,BMW,X3,2.0-16V,xDrive 20i,A-8,S,E-H,G
UTILITÁRIO ESPORTIVO GRANDE 4X4,BMW,X3,2.0-16V,xDrive 30i,A-8,S,E-H,G
UTILITÁRIO ESPORTIVO GRANDE 4X4,BMW,X3,3.0-24V,M40i,A-8,S,E-H,G
UTILITÁRIO ESPORTIVO GRANDE 4X4,BMW,X3,2.0-16V,xDrive 20i,A-8,S,E-H,G
UTILITÁRIO ESPORTIVO GRANDE 4X4,BMW,X4,2.0-16V,xDrive30i,A-8,S,E-H,G
UTILITÁRIO ESPORTIVO GRANDE 4X4,BMW,X4,3.0-24V,xDrive M40i,A-8,S,E-H,G
UTILITÁRIO ESPORTIVO GRANDE 4X4,BMW,X6,4.4-32V,M,A-8,S,E,G
UTILITÁRIO ESPORTIVO GRANDE 4X4,BMW,X6,3.0-24V,xDrive35i,A-8,S,E,G
UTILITÁRIO ESPORTIVO GRANDE 4X4,CHEVROLET,Equinox (MY19),2.0T-16V,Premier Gasolina 4x4,A-9,S,E,G
UTILITÁRIO ESPORTIVO GRANDE 4X4,HONDA,CR-V,1.5T-16V,TOURING,CVT,S,E,G
UTILITÁRIO ESPORTIVO GRANDE 4X4,JAGUAR,F-Pace,3.0-24V,340CV RSPORT,A-8,S,E,G
UTILITÁRIO ESPORTIVO GRANDE 4X4,JAGUAR,F-Pace,3.0-24V,380CV V6 FE,A-8,S,E,G
UTILITÁRIO ESPORTIVO GRANDE 4X4,JAGUAR,F-Pace,3.0-24V,380CV V6 S,A-8,S,E,G
UTILITÁRIO ESPORTIVO GRANDE 4X4,JAGUAR,F-Pace,2.0-16V,20TD PRESTIGE,A-8,S,E,D
UTILITÁRIO ESPORTIVO GRANDE 4X4,JAGUAR,E-Pace,2.0-16V,P250 FIRSTED,A-9,S,E,G
UTILITÁRIO ESPORTIVO GRANDE 4X4,JAGUAR,E-Pace,2.0-16V,P250 S,A-9,S,E,G
UTILITÁRIO ESPORTIVO GRANDE 4X4,JAGUAR,E-Pace,2.0-16V,P250 S RDY,A-9,S,E,G
UTILITÁRIO ESPORTIVO GRANDE 4X4,JAGUAR,E-Pace,2.0-16V,P250 SE,A-9,S,E,G
UTILITÁRIO ESPORTIVO GRANDE 4X4,JAGUAR,E-Pace,2.0-16V,P250 SE RDY,A-9,S,E,G
UTILITÁRIO ESPORTIVO GRANDE 4X4,JAGUAR,E-Pace,2.0-16V,P250 STD,A-9,S,E,G
UTILITÁRIO ESPORTIVO GRANDE 4X4,JAGUAR,F-Pace,3.0-24V,380CV V6 S,A-8,S,E,G
UTILITÁRIO ESPORTIVO GRANDE 4X4,JAGUAR,F-Pace,2.0-16V,300CVG PREST,A-8,S,E,G
UTILITÁRIO ESPORTIVO GRANDE 4X4,JAGUAR,F-Pace,2.0-16V,300CVG R SPT,A-8,S,E,G
UTILITÁRIO ESPORTIVO GRANDE 4X4,JAGUAR,E-Pace,2.0-16V,P300 HSE RDY,A-9,S,E,G
UTILITÁRIO ESPORTIVO GRANDE 4X4,JAGUAR,E-Pace,2.0-16V,P300 SE RDY,A-9,S,E,G
UTILITÁRIO ESPORTIVO GRANDE 4X4,JAGUAR,F-Pace,2.0-16V,250CVG PURE,A-8,S,E,G
UTILITÁRIO ESPORTIVO GRANDE 4X4,JAGUAR,F-Pace,2.0-16V,250CVG PREST,A-8,S,E,G
UTILITÁRIO ESPORTIVO GRANDE 4X4,JAGUAR,F-Pace,2.0-16V,250CVG RSPOR,A-8,S,E,G
UTILITÁRIO ESPORTIVO GRANDE 4X4,JAGUAR,E-Pace,2.0-16V,P250F S,A-9,S,E,F
UTILITÁRIO ESPORTIVO GRANDE 4X4,JAGUAR,E-Pace,2.0-16V,P250F S RDY,A-9,S,E,F
UTILITÁRIO ESPORTIVO GRANDE 4X4,JAGUAR,E-Pace,2.0-16V,P250F SE,A-9,S,E,F
UTILITÁRIO ESPORTIVO GRANDE 4X4,JAGUAR,E-Pace,2.0-16V,P250F SE RDY,A-9,S,E,F
UTILITÁRIO ESPORTIVO GRANDE 4X4,JAGUAR,E-Pace,2.0-16V,P250F STD,A-9,S,E,F
UTILITÁRIO ESPORTIVO GRANDE 4X4,JEEP,Compass,2.0-16V,LONGITUDE,A-9,S,E,D
UTILITÁRIO ESPORTIVO GRANDE 4X4,JEEP,Compass,2.0-16V,LIMITED,A-9,S,E,D
UTILITÁRIO ESPORTIVO GRANDE 4X4,JEEP,Compass,2.0-16V,NIGHT EAGLE,A-9,S,E,D
UTILITÁRIO ESPORTIVO GRANDE 4X4,JEEP,Grand Cherokee,3.6-24V,LIMITED,A-8,S,H,G
UTILITÁRIO ESPORTIVO GRANDE 4X4,JEEP,Grand Cherokee,3.0-24V,LIMITED,A-8,S,H,D
UTILITÁRIO ESPORTIVO GRANDE 4X4,KIA,Sorento,3.5-24V,3,5 EX4 G17,A-6,S,E,G
UTILITÁRIO ESPORTIVO GRANDE 4X4,KIA,Sorento,3.5-24V,3,5 LX4 G17,A-6,S,E,G
UTILITÁRIO ESPORTIVO GRANDE 4X4,KIA,Sorento,2.4-16V,2,4 EX3 G15,A-6,S,E,G
UTILITÁRIO ESPORTIVO GRANDE 4X4,KIA,Sorento,2.4-16V,2,4 EX3 G17,A-6,S,E,G
UTILITÁRIO ESPORTIVO GRANDE 4X4,KIA,Sorento,2.4-16V,2,4 LX3 G15,A-6,S,E,G
UTILITÁRIO ESPORTIVO GRANDE 4X4,KIA,Sorento,2.4-16V,2,4 LX3 G17,A-6,S,E,G
UTILITÁRIO ESPORTIVO GRANDE 4X4,KIA,Sportage,2.0-16V,EX2 FFG4,A-6,S,E,F
UTILITÁRIO ESPORTIVO GRANDE 4X4,KIA,Sportage,2.0-16V,LX2 FFG4,A-6,S,E,F
UTILITÁRIO ESPORTIVO GRANDE 4X4,LEXUS,RX350 4X4,3.5-24V,LUXURY,A-8,S,E,G
UTILITÁRIO ESPORTIVO GRANDE 4X4,LEXUS,RX350 4X4,3.5-24V,F SPORT,A-8,S,E,G
UTILITÁRIO ESPORTIVO GRANDE 4X4,LEXUS,RX350,3.5-24V,L,A-8,S,E,G
UTILITÁRIO ESPORTIVO GRANDE 4X4,MERCEDES-BENZ,GLC 250 4M,2.0-16V,,A-9,S,E,G
UTILITÁRIO ESPORTIVO GRANDE 4X4,MERCEDES-BENZ,AMG GLC43,3.0-24V,,A-9,S,E,G
UTILITÁRIO ESPORTIVO GRANDE 4X4,MERCEDES-BENZ,GLC 220d 4M,2.1-16V,,A-9,S,E,D
UTILITÁRIO ESPORTIVO GRANDE 4X4,MERCEDES-BENZ,GLC 250 4M,2.0-16V,Coupé,A-9,S,E,G
UTILITÁRIO ESPORTIVO GRANDE 4X4,MERCEDES-BENZ,AMG GLC43,3.0-24V,Coupé,A-9,S,E,G
UTILITÁRIO ESPORTIVO GRANDE 4X4,MERCEDES-BENZ,GLE 350d,3.0-32V,,A-9,S,E,D
UTILITÁRIO ESPORTIVO GRANDE 4X4,MERCEDES-BENZ,GLE 400,3.0-24V,Coupé,A-9,S,E,G
UTILITÁRIO ESPORTIVO GRANDE 4X4,MERCEDES-BENZ,AMG GLE43,3.0-24V,Coupé,A-9,S,E,G
UTILITÁRIO ESPORTIVO GRANDE 4X4,MERCEDES-BENZ,AMG GLE 63,5.5-32V,Coupé,A-7,S,E,G
UTILITÁRIO ESPORTIVO GRANDE 4X4,MERCEDES-BENZ,GLS 350d,3.0-32V,,A-9,S,E,D
UTILITÁRIO ESPORTIVO GRANDE 4X4,MERCEDES-BENZ,AMG G 63 4Matic,4.0-32V,,A-9,S,E,G
UTILITÁRIO ESPORTIVO GRANDE 4X4,MITSUBISHI,Eclipse Cross,1.5T-16V,HPE-S,CVT,S,E,G
UTILITÁRIO ESPORTIVO GRANDE 4X4,MITSUBISHI,Eclipse Cross,1.5T-16V,S-AWC,CVT,S,E,G
UTILITÁRIO ESPORTIVO GRANDE 4X4,PORSCHE,Cayenne (19MY),2.9-24V,S,A-8,S,E,G
UTILITÁRIO ESPORTIVO GRANDE 4X4,PORSCHE,Cayenne (19MY),3.0-24V,V6,A-8,S,E,G
UTILITÁRIO ESPORTIVO GRANDE 4X4,PORSCHE,Cayenne (19MY),4.0-32V,Turbo,A-8,S,E,G
UTILITÁRIO ESPORTIVO GRANDE 4X4,SUBARU,Forester,2.0-16V,L,CVT,S,E,G
UTILITÁRIO ESPORTIVO GRANDE 4X4,SUBARU,Forester,2.0-16V,S,CVT,S,E,G
UTILITÁRIO ESPORTIVO GRANDE 4X4,SUBARU,Forester,2.0-16V,XT,CVT,S,E,G
UTILITÁRIO ESPORTIVO GRANDE 4X4,SUBARU,Outback,3.6-24V,3,6 R-S,CVT,S,E,G
UTILITÁRIO ESPORTIVO GRANDE 4X4,VOLVO,XC40,2.0-16V,T5 Inscription,A-8,S,E,G
UTILITÁRIO ESPORTIVO GRANDE 4X4,VOLVO,XC40,2.0-16V,T5 Momentum,A-8,S,E,G
UTILITÁRIO ESPORTIVO GRANDE 4X4,VOLVO,XC40,2.0-16V,T5 R-Design,A-8,S,E,G
UTILITÁRIO ESPORTIVO GRANDE 4X4,VOLVO,XC60,2.0-16V,2,0 T5 Momentum,A-8,S,E,G
UTILITÁRIO ESPORTIVO GRANDE 4X4,VOLVO,XC60,2.0-16V,2,0 T5 Kinetic,A-8,S,E,G
UTILITÁRIO ESPORTIVO GRANDE 4X4,VOLVO,XC60,2.0-16V,2,0 T5 Inscription,A-8,S,E,G
UTILITÁRIO ESPORTIVO GRANDE 4X4,VOLVO,XC60,2.0-16V,2,0 T5 R-Design,A-8,S,E,G
UTILITÁRIO ESPORTIVO GRANDE 4X4,VOLVO,XC60,2.0-16V,D5 Momentum,A-8,S,E,D
UTILITÁRIO ESPORTIVO GRANDE 4X4,VOLVO,XC60,2.0-16V,D5 Inscription,A-8,S,E,D
UTILITÁRIO ESPORTIVO GRANDE 4X4,VOLVO,XC60,2.0-16V,T8 Inscription,A-8,S,E,G
UTILITÁRIO ESPORTIVO GRANDE 4X4,VOLVO,XC60,2.0-16V,T8 R-Design,A-8,S,E,G
UTILITÁRIO ESPORTIVO GRANDE 4X4,VOLVO,XC90,2.0-16V,2,0 T6 Inscription,A-8,S,E,G
UTILITÁRIO ESPORTIVO GRANDE 4X4,VOLVO,XC90,2.0-16V,2,0 T6 Kinetic,A-8,S,E,G
UTILITÁRIO ESPORTIVO GRANDE 4X4,VOLVO,XC90,2.0-16V,2,0 T6 Momentum,A-8,S,E,G
UTILITÁRIO ESPORTIVO GRANDE 4X4,VOLVO,XC90,2.0-16V,2,0 R-Design,A-8,S,E,G
UTILITÁRIO ESPORTIVO GRANDE 4X4,VOLVO,XC90,2.0-16V,D5 Kinetic,A-8,S,E,D
UTILITÁRIO ESPORTIVO GRANDE 4X4,VOLVO,XC90,2.0-16V,D5 Inscript,A-8,S,E,D
UTILITÁRIO ESPORTIVO GRANDE 4X4,VOLVO,XC90,2.0-16V,D5 Momentum,A-8,S,E,D
UTILITÁRIO ESPORTIVO GRANDE 4X4,VOLVO,XC90,2.0-16V,T8 Excellen,A-8,S,E,G
UTILITÁRIO ESPORTIVO GRANDE 4X4,VOLVO,XC90,2.0-16V,T8 Inscription,A-8,S,E,G
UTILITÁRIO ESPORTIVO GRANDE 4X4,VOLVO,XC90,2.0-16V,T8 Momentum,A-8,S,E,G
UTILITÁRIO ESPORTIVO GRANDE 4X4,VOLVO,XC90,2.0-16V,T8 R-Design,A-8,S,E,G
UTILITÁRIO ESPORTIVO GRANDE 4X4,VOLVO,XC90 (2019),2.0-16V,T8 EXCELLEN,A-8,S,E,G
UTILITÁRIO ESPORTIVO GRANDE 4X4,VOLVO,XC90 (2019),2.0-16V,T8 INSCRIPT,A-8,S,E,G
UTILITÁRIO ESPORTIVO GRANDE 4X4,VOLVO,XC90 (2019),2.0-16V,T8 MOMENTUM,A-8,S,E,G
UTILITÁRIO ESPORTIVO GRANDE 4X4,VOLVO,XC90 (2019),2.0-16V,T8 R-DESIGN,A-8,S,E,G
FORA DE ESTRADA COMPACTO,JEEP,Renegade,2.0-16V,TRAILHAWK,A-9,S,E,D
FORA DE ESTRADA COMPACTO,JEEP,Renegade,2.0-16V,SPORT,A-9,S,E,D
FORA DE ESTRADA COMPACTO,JEEP,Renegade,2.0-16V,LONGITUDE,A-9,S,E,D
FORA DE ESTRADA COMPACTO,JEEP,Wrangler,3.6-24V,SPORT,A-5,S,H,G
FORA DE ESTRADA COMPACTO,SUZUKI,Jimny 4X4,1.3-16V,4ALL,M-5,S,H,G
FORA DE ESTRADA COMPACTO,SUZUKI,Jimny 4X4,1.3-16V,4SPORT,M-5,S,H,G
FORA DE ESTRADA COMPACTO,SUZUKI,Jimny 4X4,1.3-16V,4WORK,M-5,S,H,G
FORA DE ESTRADA COMPACTO,SUZUKI,Jimny 4X4,1.3-16V,4WORK OFF ROAD,M-5,S,H,G
FORA DE ESTRADA COMPACTO,SUZUKI,Jimny 4X4,1.3-16V,CANVAS,M-5,S,H,G
FORA DE ESTRADA COMPACTO,TROLLER,T4,3.2-20V,XLT,M-6,S,H,D
FORA DE ESTRADA GRANDE,CHEVROLET,Trailblazer,3.6-24V,LTZ Gasolina 4x4,A-6,S,E,G
FORA DE ESTRADA GRANDE,CHEVROLET,Trailblazer,2.8-16V,LT,A-6,S,E,D
FORA DE ESTRADA GRANDE,CHEVROLET,Trailblazer,2.8-16V,LTZ Diesel 4x4,A-6,S,E,D
FORA DE ESTRADA GRANDE,JEEP,Compass,2.0-16V,TRAILHAWK,A-9,S,E,D
FORA DE ESTRADA GRANDE,JEEP,Wrangler,3.6-24V,UNLIMITED 4pt,A-5,S,H,G
FORA DE ESTRADA GRANDE,JEEP,Wrangler,3.6-24V,UNLIMITED SAHARA 4pt,A-5,S,H,G
FORA DE ESTRADA GRANDE,LAND ROVER,Range Rover Sport,5.0-32V,5,0 SC DYN,A-8,S,E,G
FORA DE ESTRADA GRANDE,LAND ROVER,Range Rover Sport,5.0-32V,5,0 SC AB,A-8,S,E,G
FORA DE ESTRADA GRANDE,LAND ROVER,Range Rover Sport,5.0-32V,5,0 SC AB D,A-8,S,E,G
FORA DE ESTRADA GRANDE,LAND ROVER,Range Rover Sport,3.0-24V,3,0 SC S,A-8,S,E,G
FORA DE ESTRADA GRANDE,LAND ROVER,Range Rover Sport,3.0-24V,3,0 SC SE,A-8,S,E,G
FORA DE ESTRADA GRANDE,LAND ROVER,Range Rover Sport,3.0-24V,3,0 SE HSE,A-8,S,E,G
FORA DE ESTRADA GRANDE,LAND ROVER,Range Rover Sport,3.0-24V,3,0 SC HST,A-8,S,E,G
FORA DE ESTRADA GRANDE,LAND ROVER,Range Rover Sport,3.0-24V,3,0 SC AB D,A-8,S,E,G
FORA DE ESTRADA GRANDE,LAND ROVER,Range Rover Sport,3.0-24V,SVR 550,A-8,S,E,G
FORA DE ESTRADA GRANDE,LAND ROVER,Discovery Sport,2.0-16V,P240 HSE,A-9,S,E,G
FORA DE ESTRADA GRANDE,LAND ROVER,Discovery Sport,2.0-16V,P240 HSE 7L,A-9,S,E,G
FORA DE ESTRADA GRANDE,LAND ROVER,Discovery Sport,2.0-16V,P240 HSEL,A-9,S,E,G
FORA DE ESTRADA GRANDE,LAND ROVER,Discovery Sport,2.0-16V,P240 HSEL 7L,A-9,S,E,G
FORA DE ESTRADA GRANDE,LAND ROVER,Discovery Sport,2.0-16V,P240 S,A-9,S,E,G
FORA DE ESTRADA GRANDE,LAND ROVER,Discovery Sport,2.0-16V,P240 SE,A-9,S,E,G
FORA DE ESTRADA GRANDE,LAND ROVER,Discovery Sport,2.0-16V,P240 SE 7L,A-9,S,E,G
FORA DE ESTRADA GRANDE,LAND ROVER,Discovery Sport,2.0-16V,P240 HSE,A-9,S,E,G
FORA DE ESTRADA GRANDE,LAND ROVER,Discovery Sport,2.0-16V,P240 HSE 7L,A-9,S,E,G
FORA DE ESTRADA GRANDE,LAND ROVER,Discovery Sport,2.0-16V,P240 HSEL,A-9,S,E,G
FORA DE ESTRADA GRANDE,LAND ROVER,Discovery Sport,2.0-16V,P240 HSE 7,A-9,S,E,G
FORA DE ESTRADA GRANDE,LAND ROVER,Discovery Sport,2.0-16V,P240 HSEL 7,A-9,S,E,G
FORA DE ESTRADA GRANDE,LAND ROVER,Discovery Sport,2.0-16V,P240 S,A-9,S,E,G
FORA DE ESTRADA GRANDE,LAND ROVER,Discovery Sport,2.0-16V,P240 SE,A-9,S,E,G
FORA DE ESTRADA GRANDE,LAND ROVER,Discovery Sport,2.0-16V,P240 SE 7L,A-9,S,E,G
FORA DE ESTRADA GRANDE,LAND ROVER,Discovery Sport,2.0-16V,P240 SE 7,A-9,S,E,G
FORA DE ESTRADA GRANDE,LAND ROVER,Range Rover,5.0-32V,V8 SC VOGUESE,A-8,S,E,G
FORA DE ESTRADA GRANDE,LAND ROVER,Range Rover,5.0-32V,V8 SC AB,A-8,S,E,G
FORA DE ESTRADA GRANDE,LAND ROVER,Range Rover,5.0-32V,V8 SC AB L,A-8,S,E,G
FORA DE ESTRADA GRANDE,LAND ROVER,Range Rover,5.0-32V,ABLACKL,A-8,S,E,G
FORA DE ESTRADA GRANDE,LAND ROVER,Range Rover,5.0-32V,V8SC SVAB,A-8,S,E,G
FORA DE ESTRADA GRANDE,LAND ROVER,Velar,2.0-16V,P250 STD,A-8,S,E,G
FORA DE ESTRADA GRANDE,LAND ROVER,Velar,2.0-16V,P250 S,A-8,S,E,G
FORA DE ESTRADA GRANDE,LAND ROVER,Velar,2.0-16V,P250 SE,A-8,S,E,G
FORA DE ESTRADA GRANDE,LAND ROVER,Velar,2.0-16V,P250 HSE,A-8,S,E,G
FORA DE ESTRADA GRANDE,LAND ROVER,Velar,2.0-16V,P250 STD RD,A-8,S,E,G
FORA DE ESTRADA GRANDE,LAND ROVER,Velar,2.0-16V,P250 S RDYN,A-8,S,E,G
FORA DE ESTRADA GRANDE,LAND ROVER,Velar,2.0-16V,P250 SE RDYN,A-8,S,E,G
FORA DE ESTRADA GRANDE,LAND ROVER,Velar,2.0-16V,P250 HSE RD,A-8,S,E,G
FORA DE ESTRADA GRANDE,LAND ROVER,Velar,2.0-16V,P250 HSE RDYN,A-8,S,E,G
FORA DE ESTRADA GRANDE,LAND ROVER,Velar,2.0-16V,P250 STD RDYN,A-8,S,E,G
FORA DE ESTRADA GRANDE,LAND ROVER,Velar,3.0-16V,P380 FIRST ED,A-8,S,E,G
FORA DE ESTRADA GRANDE,LAND ROVER,Velar,3.0-16V,P380 HSE,A-8,S,E,G
FORA DE ESTRADA GRANDE,LAND ROVER,Velar,3.0-16V,P380 HSE RDYN,A-8,S,E,G
FORA DE ESTRADA GRANDE,LAND ROVER,Velar,3.0-16V,P380 S,A-8,S,E,G
FORA DE ESTRADA GRANDE,LAND ROVER,Velar,3.0-16V,P380 S RDYN,A-8,S,E,G
FORA DE ESTRADA GRANDE,LAND ROVER,Velar,3.0-16V,P380 SE,A-8,S,E,G
FORA DE ESTRADA GRANDE,LAND ROVER,Velar,3.0-16V,P380 SE RDYN,A-8,S,E,G
FORA DE ESTRADA GRANDE,LAND ROVER,Velar,3.0-16V,P380 STD,A-8,S,E,G
FORA DE ESTRADA GRANDE,LAND ROVER,Velar,3.0-16V,P380 STD RDYN,A-8,S,E,G
FORA DE ESTRADA GRANDE,LAND ROVER,Evoque,2.0-16V,D180 SE,A-9,S,E,D
FORA DE ESTRADA GRANDE,LAND ROVER,Evoque,2.0-16V,D180 SE,A-9,S,E,D
FORA DE ESTRADA GRANDE,LAND ROVER,Evoque,2.0-16V,D240 HB,A-9,S,E,D
FORA DE ESTRADA GRANDE,LAND ROVER,Evoque,2.0-16V,D240 HSE DYN,A-9,S,E,D
FORA DE ESTRADA GRANDE,LAND ROVER,Evoque,2.0-16V,D240 SE,A-9,S,E,D
FORA DE ESTRADA GRANDE,LAND ROVER,Evoque,2.0-16V,D240 SE DYN,A-9,S,E,D
FORA DE ESTRADA GRANDE,LAND ROVER,Evoque,2.0-16V,D240 AB,A-9,S,E,D
FORA DE ESTRADA GRANDE,LAND ROVER,Evoque,2.0-16V,D240 HSE DYN,A-9,S,E,D
FORA DE ESTRADA GRANDE,LAND ROVER,Evoque,2.0-16V,D240 SE DYN,A-9,S,E,D
FORA DE ESTRADA GRANDE,LAND ROVER,Discovery Sport,2.0-16V,D180 S,A-9,S,E,D
FORA DE ESTRADA GRANDE,LAND ROVER,Discovery Sport,2.0-16V,D180 LMK 7L,A-9,S,E,D
FORA DE ESTRADA GRANDE,LAND ROVER,Discovery Sport,2.0-16V,D180 SE 7L,A-9,S,E,D
FORA DE ESTRADA GRANDE,LAND ROVER,Discovery Sport,2.0-16V,D180 HSE 7L,A-9,S,E,D
FORA DE ESTRADA GRANDE,LAND ROVER,Discovery Sport,2.0-16V,D180 HSE,A-9,S,E,D
FORA DE ESTRADA GRANDE,LAND ROVER,Discovery Sport,2.0-16V,D180 SE,A-9,S,E,D
FORA DE ESTRADA GRANDE,LAND ROVER,Discovery Sport,2.0-16V,D180 LMK,A-9,S,E,D
FORA DE ESTRADA GRANDE,LAND ROVER,Discovery Sport,2.0-16V,D180 S,A-9,S,E,D
FORA DE ESTRADA GRANDE,LAND ROVER,Discovery Sport,2.0-16V,D180 LMK 7L,A-9,S,E,D
FORA DE ESTRADA GRANDE,LAND ROVER,Discovery Sport,2.0-16V,D180 SE 7L,A-9,S,E,D
FORA DE ESTRADA GRANDE,LAND ROVER,Discovery Sport,2.0-16V,D180 HSE 7L,A-9,S,E,D
FORA DE ESTRADA GRANDE,LAND ROVER,Discovery Sport,2.0-16V,D180 HSE,A-9,S,E,D
FORA DE ESTRADA GRANDE,LAND ROVER,Discovery Sport,2.0-16V,D180 SE,A-9,S,E,D
FORA DE ESTRADA GRANDE,LAND ROVER,Discovery Sport,2.0-16V,D180 LMK,A-9,S,E,D
FORA DE ESTRADA GRANDE,LAND ROVER,Discovery Sport,2.0-16V,D240 HSEL,A-9,S,E,D
FORA DE ESTRADA GRANDE,LAND ROVER,Discovery Sport,2.0-16V,D240 HSEL7,A-9,S,E,D
FORA DE ESTRADA GRANDE,LAND ROVER,Discovery Sport,2.0-16V,D240 HSE 7,A-9,S,E,D
FORA DE ESTRADA GRANDE,LAND ROVER,Discovery Sport,2.0-16V,D240 HSE,A-9,S,E,D
FORA DE ESTRADA GRANDE,LAND ROVER,Discovery Sport,2.0-16V,D240 HSEL,A-9,S,E,D
FORA DE ESTRADA GRANDE,LAND ROVER,Discovery Sport,2.0-16V,D240 HSEL7,A-9,S,E,D
FORA DE ESTRADA GRANDE,LAND ROVER,Discovery Sport,2.0-16V,D240 HSE,A-9,S,E,D
FORA DE ESTRADA GRANDE,LAND ROVER,Discovery Sport,2.0-16V,D240 HSE 7L,A-9,S,E,D
FORA DE ESTRADA GRANDE,LAND ROVER,Range Rover Sport,3.0-24V,3,0 TD HSE,A-8,S,E,D
FORA DE ESTRADA GRANDE,LAND ROVER,Range Rover Sport,3.0-24V,3,0 TD S,A-8,S,E,D
FORA DE ESTRADA GRANDE,LAND ROVER,Range Rover Sport,3.0-24V,3,0 TD SE,A-8,S,E,D
FORA DE ESTRADA GRANDE,LAND ROVER,Range Rover Sport,3.0-24V,3,0 TD ABD,A-8,S,E,D
FORA DE ESTRADA GRANDE,LAND ROVER,Range Rover Sport,4.4-32V,4,4 HSE DYN,A-8,S,E,D
FORA DE ESTRADA GRANDE,LAND ROVER,Range Rover,3.0-24V,TDV6 HSE,A-8,S,E,D
FORA DE ESTRADA GRANDE,LAND ROVER,Range Rover,3.0-24V,TDV6 VOGUE,A-8,S,E,D
FORA DE ESTRADA GRANDE,LAND ROVER,Range Rover,4.4-32V,SDV8 AB,A-8,S,E,D
FORA DE ESTRADA GRANDE,LAND ROVER,Range Rover,4.4-32V,SDV8 AB LWB,A-8,S,E,D
FORA DE ESTRADA GRANDE,LAND ROVER,Range Rover,4.4-32V,SDV8 VOGUE,A-8,S,E,D
FORA DE ESTRADA GRANDE,LAND ROVER,Range Rover,4.4-32V,SDV8 VOGUESE,A-8,S,E,D
FORA DE ESTRADA GRANDE,LAND ROVER,Discovery,3.0-24V,SDV6 S,A-8,S,E,D
FORA DE ESTRADA GRANDE,LAND ROVER,Discovery,3.0-24V,SDV6BLACK,A-8,S,E,D
FORA DE ESTRADA GRANDE,LAND ROVER,Discovery,3.0-24V,SDV6 HSE,A-8,S,E,D
FORA DE ESTRADA GRANDE,LAND ROVER,Discovery,3.0-24V,SDV6 SE,A-8,S,E,D
FORA DE ESTRADA GRANDE,LAND ROVER,Discovery,3.0-24V,GRAPHITE,A-8,S,E,D
FORA DE ESTRADA GRANDE,LAND ROVER,Discovery,3.0-24V,GRAPHITE 5,A-8,S,E,D
FORA DE ESTRADA GRANDE,LAND ROVER,Discovery,3.0-24V,TD6 FE 7,A-8,S,E,D
FORA DE ESTRADA GRANDE,LAND ROVER,Discovery,3.0-24V,TD6 HSE,A-8,S,E,D
FORA DE ESTRADA GRANDE,LAND ROVER,Discovery,3.0-24V,TD6 HSE 7,A-8,S,E,D
FORA DE ESTRADA GRANDE,LAND ROVER,Discovery,3.0-24V,TD6 HSEL,A-8,S,E,D
FORA DE ESTRADA GRANDE,LAND ROVER,Discovery,3.0-24V,TD6 HSEL7,A-8,S,E,D
FORA DE ESTRADA GRANDE,LAND ROVER,Discovery,3.0-24V,TD6 PURE,A-8,S,E,D
FORA DE ESTRADA GRANDE,LAND ROVER,Discovery,3.0-24V,TD6 PURE7,A-8,S,E,D
FORA DE ESTRADA GRANDE,LAND ROVER,Discovery,3.0-24V,TD6 SE,A-8,S,E,D
FORA DE ESTRADA GRANDE,LAND ROVER,Discovery,3.0-24V,TD6 SE 7,A-8,S,E,D
FORA DE ESTRADA GRANDE,LAND ROVER,Evoque,2.0-16V,P240 PURE,A-9,S,E,G
FORA DE ESTRADA GRANDE,LAND ROVER,Evoque,2.0-16V,P240 SE,A-9,S,E,G
FORA DE ESTRADA GRANDE,LAND ROVER,Evoque,2.0-16V,P240 SE DYN,A-9,S,E,G
FORA DE ESTRADA GRANDE,LAND ROVER,Evoque,2.0-16V,P240 HSE DYN,A-9,S,E,G
FORA DE ESTRADA GRANDE,LAND ROVER,Evoque,2.0-16V,P240 HSE DYN,A-9,S,E,G
FORA DE ESTRADA GRANDE,LAND ROVER,Evoque,2.0-16V,P240 LANDMAR,A-9,S,E,G
FORA DE ESTRADA GRANDE,LAND ROVER,Evoque,2.0-16V,P240 PURE,A-9,S,E,G
FORA DE ESTRADA GRANDE,LAND ROVER,Evoque,2.0-16V,P240 SE,A-9,S,E,G
FORA DE ESTRADA GRANDE,LAND ROVER,Evoque,2.0-16V,P240 SE DYN,A-9,S,E,G
FORA DE ESTRADA GRANDE,LAND ROVER,Evoque,2.0-16V,P240FF HSE DYN,A-9,S,E,F
FORA DE ESTRADA GRANDE,LAND ROVER,Evoque,2.0-16V,P240FF PURE,A-9,S,E,F
FORA DE ESTRADA GRANDE,LAND ROVER,Evoque,2.0-16V,P240FF SE,A-9,S,E,F
FORA DE ESTRADA GRANDE,LAND ROVER,Evoque,2.0-16V,P240FF SE DYN,A-9,S,E,F
FORA DE ESTRADA GRANDE,LAND ROVER,Evoque,2.0-16V,P240 CABRIO,A-9,S,E,G
FORA DE ESTRADA GRANDE,LAND ROVER,Evoque,2.0-16V,P290 AB,A-9,S,E,G
FORA DE ESTRADA GRANDE,LAND ROVER,Discovery Sport,2.0-16V,P240FF HSE,A-9,S,E,F
FORA DE ESTRADA GRANDE,LAND ROVER,Discovery Sport,2.0-16V,P240FF HSEL,A-9,S,E,F
FORA DE ESTRADA GRANDE,LAND ROVER,Discovery Sport,2.0-16V,P240FF HSEL7,A-9,S,E,F
FORA DE ESTRADA GRANDE,LAND ROVER,Discovery Sport,2.0-16V,P240FF HSE7L,A-9,S,E,F
FORA DE ESTRADA GRANDE,LAND ROVER,Discovery Sport,2.0-16V,P240FF S,A-9,S,E,F
FORA DE ESTRADA GRANDE,LAND ROVER,Discovery Sport,2.0-16V,P240FF SE,A-9,S,E,F
FORA DE ESTRADA GRANDE,LAND ROVER,Discovery Sport,2.0-16V,P240FF SE 7L,A-9,S,E,F
FORA DE ESTRADA GRANDE,LAND ROVER,Range Rover,5.0-32V,V8SC SVCOUPE,A-8,S,E,G
FORA DE ESTRADA GRANDE,LAND ROVER,Range Rover,5.0-32V,V8SC LWB 565,A-8,S,E,G
FORA DE ESTRADA GRANDE,LAND ROVER,Range Rover,5.0-32V,V8SC SWB 565,A-8,S,E,G
FORA DE ESTRADA GRANDE,LAND ROVER,Velar,2.0-16V,P300 HSE,A-8,S,E,G
FORA DE ESTRADA GRANDE,LAND ROVER,Velar,2.0-16V,P300 HSE RDYN,A-8,S,E,G
FORA DE ESTRADA GRANDE,LAND ROVER,Velar,2.0-16V,P300 S,A-8,S,E,G
FORA DE ESTRADA GRANDE,LAND ROVER,Velar,2.0-16V,P300 S RDYN,A-8,S,E,G
FORA DE ESTRADA GRANDE,LAND ROVER,Velar,2.0-16V,P300 SE,A-8,S,E,G
FORA DE ESTRADA GRANDE,LAND ROVER,Velar,2.0-16V,P300 SE RDYN,A-8,S,E,G
FORA DE ESTRADA GRANDE,LAND ROVER,Velar,2.0-16V,P300 STD,A-8,S,E,G
FORA DE ESTRADA GRANDE,LAND ROVER,Velar,2.0-16V,P300 STD RDYN,A-8,S,E,G
FORA DE ESTRADA GRANDE,LAND ROVER,Range Rover,5.0-32V,V8SC SWB 525,A-8,S,E,G
FORA DE ESTRADA GRANDE,LAND ROVER,Range Rover Sport,5.0-32V,P525 HSE DYN,A-8,S,E,G
FORA DE ESTRADA GRANDE,MITSUBISHI,Outlander,3.0-24V,V6 HPE-S,A-6,S,E,G
FORA DE ESTRADA GRANDE,MITSUBISHI,Outlander,2.2-16V,Diesel HPE-S,A-6,S,E,D
FORA DE ESTRADA GRANDE,MITSUBISHI,Pajero,3.8-24V,HPE,A-5,S,H,G
FORA DE ESTRADA GRANDE,MITSUBISHI,Pajero,3.2-16V,HPE 3P,A-5,S,H,D
FORA DE ESTRADA GRANDE,MITSUBISHI,Pajero,3.2-16V,HPE 5P,A-5,S,H,D
FORA DE ESTRADA GRANDE,TOYOTA,SW4 Gasolina 4X4,4.0-24V,SRX,A-6,S,E,G
FORA DE ESTRADA GRANDE,TOYOTA,SW4 Diesel 4X4,2.8-16V,SRV,A-6,S,E,D
FORA DE ESTRADA GRANDE,TOYOTA,SW4 Diesel 4X4,2.8-16V,SRX,A-6,S,E,D
FORA DE ESTRADA GRANDE,TOYOTA,SW4 Diesel 4X4,2.8-16V,SR,A-6,S,E,D
FORA DE ESTRADA GRANDE,TOYOTA,SW4 Diesel 4X4,2.8-16V,DIAMOND,A-6,S,E,D
MINIVAN,CHEVROLET,Spin (MY19),1.8-8V,1,8L AT LTZ (7L),A-6,S,E,F
MINIVAN,CHEVROLET,Spin (MY19),1.8-8V,1,8L MT LTZ (7L),M-6,S,E,F
MINIVAN,CHEVROLET,Spin (MY19),1.8-8V,AT ACT7 (7L),A-6,S,E,F
MINIVAN,CHRYSLER,Town & Country,3.6-24V,Touring,A-6,S,H,G
MINIVAN,CHRYSLER,Town & Country,3.6-24V,Limited,A-6,S,H,G
MINIVAN,CITROËN,Grand C4 Picasso,1.6 THP 16V,Grand THP,A-6,S,E-H,G
MINIVAN,DODGE,Journey,3.6-24V,RT,A-6,S,H,G
MINIVAN,FIAT,Dobló,1.8-16V,ESSENCE 7L,M-5,S,H,F
MINIVAN,KIA,Carnival,3.3-24V,EX 3,3 AT,A-6,S,H,G
MINIVAN,KIA,Carnival,3.3-24V,LX 3,3 AT,A-6,S,H,G
MINIVAN,LIFAN,X80,2.0-16V,IT TALENT,A-6,S,E,G
MINIVAN,LIFAN,X80,2.0-16V,IT VIP,A-6,S,E,G
MINIVAN,MERCEDES-BENZ,Vito Tourer 119,2.0-16V,,M-6,S,E,F
COMERCIAL,CITROËN,Berlingo,1.6-16V,Furgão,M-5,S,H,F
COMERCIAL,CITROËN,Jumpy,1.6 TDI,Furgão,M-6,S,E,D
COMERCIAL,CITROËN,Jumpy,1.6 TDI,Furgão Pack,M-6,S,E,D
COMERCIAL,CITROËN,Jumpy,1.6 TDI,Minibus,M-6,S,E,D
COMERCIAL,FIAT,Ducato,2.3-16V,CHASSI,M-6,S,H,D
COMERCIAL,FIAT,Ducato,2.3-16V,CARGO 8M³,M-6,S,H,D
COMERCIAL,FIAT,Ducato,2.3-16V,CARGO 10M³,M-6,S,H,D
COMERCIAL,FIAT,Ducato,2.3-16V,MAXI CARGO 13M³,M-6,S,H,D
COMERCIAL,FIAT,Ducato,2.3-16V,MULTI LONGO,M-6,S,H,D
COMERCIAL,FIAT,Ducato,2.3-16V,MULTI EXTRA LONGO,M-6,S,H,D
COMERCIAL,FIAT,Fiorino,1.4-8V,1,4,M-5,N,H,F
COMERCIAL,FIAT,Fiorino,1.4-8V,HARD WORKING,M-5,S,H,F
COMERCIAL,JAC,T8,2.0T-16V,-,M-6,S,H,G
COMERCIAL,KIA,Bongo K2500,2.5-16V,HD SC,M-6,N,H,D
COMERCIAL,MERCEDES-BENZ,Sprinter Street 313,2.1-16V,,M-6,S,H,D
COMERCIAL,MERCEDES-BENZ,Vito 111 CDI,1.6-16V,,M-6,N,E,D
COMERCIAL,PEUGEOT,Partner,1.6-16V,Furgão,M-5,S,H,F
COMERCIAL,PEUGEOT,Expert,1.6 TDI,Business,M-6,S,E,D
COMERCIAL,PEUGEOT,Expert,1.6 TDI,Business Pack,M-6,S,E,D
COMERCIAL,PEUGEOT,Expert,1.6 TDI,Minibus,M-6,S,E,D
COMERCIAL,RENAULT,Kangoo,1.6-16V,Express,M-5,S,H,F
COMERCIAL,RENAULT,Master Bus,2.3L dCI,Minibus,M-6,S,H,D
COMERCIAL,RENAULT,Master Bus,2.3L dCI,Trabus,M-6,S,H,D
COMERCIAL,RENAULT,Master Furgão,2.3L dCI,Furgão,M-6,S,H,D
COMERCIAL,RENAULT,Master Chassis Cabine,2.3L dCI,Chassis Cabine,M-6,S,H,D
PICAPE COMPACTA,CHEVROLET,Montana (MY19),1.4L-8V,LS1,MT-5,N,H,F
PICAPE COMPACTA,CHEVROLET,Montana (MY19),1.4L-8V,LS2,MT-5,S,H,F
PICAPE COMPACTA,CHEVROLET,Montana (MY19),1.4L-8V,SPORT,MT-5,S,H,F
PICAPE COMPACTA,FIAT,Strada,1.4-8V,WORKING,M-5,N,H,F
PICAPE COMPACTA,FIAT,Strada,1.4-8V,FREEDOM,M-5,S,H,F
PICAPE COMPACTA,FIAT,Strada,1.4-8V,HARD WORKING,M-5,S,H,F
PICAPE COMPACTA,FIAT,Strada,1.8-16V,ADVENTURE,M-5,S,H,F
PICAPE COMPACTA,RENAULT,Oroch,2.0-16V,Dynamique,M-6,S,E-H,F
PICAPE COMPACTA,RENAULT,Oroch,2.0-16V,Dynamique (4X2),A-4,S,E-H,F
PICAPE COMPACTA,RENAULT,Oroch,1.6-16V,4X2,M-5,S,E-H,F
PICAPE COMPACTA,RENAULT,Oroch,1.6-16V,Dynamique,M-5,S,E-H,F
PICAPE COMPACTA,RENAULT,Oroch,1.6-16V,Expression,M-5,S,E-H,F
PICAPE COMPACTA,VOLKSWAGEN,Saveiro CD,1.6-8V,Robust,M-5,S,H,F
PICAPE COMPACTA,VOLKSWAGEN,Saveiro CD,1.6-8V,Pepper,M-5,S,H,F
PICAPE COMPACTA,VOLKSWAGEN,Saveiro CD,1.6-16V,Cross,M-5,S,H,F
PICAPE COMPACTA,VOLKSWAGEN,Saveiro CE,1.6-8V,Pepper,M-5,S,H,F
PICAPE COMPACTA,VOLKSWAGEN,Saveiro CS,1.6-8V,Robust,M-5,S,H,F
PICAPE COMPACTA,VOLKSWAGEN,Saveiro CS,1.6-8V,Trendline,M-5,S,H,F
PICAPE,CHEVROLET,S10,2.8-16V,LT Cabine Dupla Diesel 4x2,A-6,S,E,D
PICAPE,CHEVROLET,S10,2.8-16V,LTZ Cabine Dupla Diesel 4x2,A-6,S,E,D
PICAPE,CHEVROLET,S10,2.8-16V,LS Cabine Dupla Diesel 4x4,M-6,S,E,D
PICAPE,CHEVROLET,S10,2.8-16V,LT Cabine Dupla Diesel 4x4,A-6,S,E,D
PICAPE,CHEVROLET,S10,2.8-16V,MIDNIGHT Cabine Dupla Diesel 4x4,A-6,S,E,D
PICAPE,CHEVROLET,S10,2.5-16V,LS Flex Cabine Simples 4x2,M-6,S,E,F
PICAPE,CHEVROLET,S10,2.5-16V,LS Flex Cabine Dupla 4x2,M-6,S,E,F
PICAPE,CHEVROLET,S10,2.5-16V,ADV Flex Cabine Dupla 4x2,M-6,S,E,F
PICAPE,CHEVROLET,S10,2.5-16V,LT Flex Cabine Dupla 4x4,M-6,S,E,F
PICAPE,CHEVROLET,S10,2.5-16V,High Country Flex Cabine Dupla 4x2,M-6,S,E,F
PICAPE,CHEVROLET,S10,2.5-16V,High Country Flex Cabine Dupla 4x4,M-6,S,E,F
PICAPE,CHEVROLET,S10,2.5-16V,LT Flex Cabine Dupla 4x2,A-6,S,E,F
PICAPE,CHEVROLET,S10,2.5-16V,LT Flex Cabine Dupla 4x4,A-6,S,E,F
PICAPE,CHEVROLET,S10,2.5-16V,High Country Flex Cabine Dupla 4x2,A-6,S,E,F
PICAPE,CHEVROLET,S10,2.5-16V,High Country Flex Cabine Dupla 4x4,A-6,S,E,F
PICAPE,CHEVROLET,S10,2.8-16V,LS Diesel Cabine Chassis 4x4,M-6,S,E,D
PICAPE,CHEVROLET,S10,2.8-16V,LS Diesel Cabine Simples 4x4,M-6,S,E,D
PICAPE,CHEVROLET,S10,2.8-16V,LT Cabine Dupla Diesel 4x4,M-6,S,E,D
PICAPE,CHEVROLET,S10,2.8-16V,LT Cabine Dupla Diesel 4x2,M-6,S,E,D
PICAPE,CHEVROLET,S10,2.8-16V,LTZ Cabine Dupla Diesel 4x4,A-6,S,E,D
PICAPE,CHEVROLET,S10,2.8-16V,High Country Cabine Dupla Diesel 4x4,A-6,S,E,D
PICAPE,CHEVROLET,S10,2.5-16V,LT Flex Cabine Dupla 4x2,M-6,S,E,F
PICAPE,CHEVROLET,S10,2.5-16V,LTZ Flex Cabine Dupla 4x2,M-6,S,E,F
PICAPE,CHEVROLET,S10,2.5-16V,LTZ Flex Cabine Dupla 4x4,M-6,S,E,F
PICAPE,CHEVROLET,S10,2.5-16V,LTZ Flex Cabine Dupla 4x2,A-6,S,E,F
PICAPE,CHEVROLET,S10,2.5-16V,LTZ Flex Cabine Dupla 4x4,A-6,S,E,F
PICAPE,FIAT,Toro,1.8-16V,ENDURANCE,A-6,S,E,F
PICAPE,FIAT,Toro,1.8-16V,FREEDOM,A-6,S,E,F
PICAPE,FIAT,Toro,2.4-16V,VOLCANO,A-9,S,E,F
PICAPE,FIAT,Toro,2.4-16V,BLACKJACK,A-9,S,E,F
PICAPE,FIAT,Toro,2.0-16V,FREEDOM 4X4,A-9,S,E,D
PICAPE,FIAT,Toro,2.0-16V,VOLCANO 4X4,A-9,S,E,D
PICAPE,FIAT,Toro,2.0-16V,RANCH,A-9,S,E,D
PICAPE,FORD,Ranger 4x2 C. Dupla,2.5-16V,XLS,M-5,S,E,F
PICAPE,FORD,Ranger 4x2 C. Dupla,2.5-16V,XLT,M-5,S,E,F
PICAPE,FORD,Ranger 4x2 C. Dupla,2.5-16V,Limited,M-5,S,E,F
PICAPE,FORD,Ranger 4x2 C. Simples,2.5-16V,XLS,M-5,S,E,F
PICAPE,FORD,Ranger 4x2 C. Dupla,2.2-16V,XLS,A-6,S,E,D
PICAPE,FORD,Ranger 4x4 C. Dupla,2.2-16V,XLS,A-6,S,E,D
PICAPE,FORD,Ranger 4x4 C. Dupla,2.2-16V,XL,M-6,S,E,D
PICAPE,FORD,Ranger 4x4 C. Dupla,2.2-16V,XLS,M-6,S,E,D
PICAPE,FORD,Ranger 4x4 C. Dupla,3.2-20V,Limited,A-6,S,E,D
PICAPE,FORD,Ranger 4x4 C. Dupla,3.2-20V,XLT,M-6,S,E,D
PICAPE,FORD,Ranger 4x4 Chassis C. / C. Simples,2.2-16V,XL,M-6,S,E,D
PICAPE,FORD,Ranger 4x4 C. Dupla,3.2-20V,XLT,A-6,S,E,D
PICAPE,JAC,V260,2.0-16V,-,M-6,S,H,D
PICAPE,MITSUBISHI,L200 Triton Sport,2.4-16V,GLS,M-6,S,H,D
PICAPE,MITSUBISHI,L200 Triton Sport,2.4-16V,GLX,M-6,S,H,D
PICAPE,MITSUBISHI,L200 Triton Sport,2.4-16V,GL,M-6,S,H,D
PICAPE,MITSUBISHI,L200 Triton Sport,2.4-16V,HPE-S,A-5,S,H,D
PICAPE,MITSUBISHI,L200 Triton Sport,2.4-16V,HPE,A-5,S,H,D
PICAPE,MITSUBISHI,L200 Triton Sport,2.4-16V,GLS,A-5,S,H,D
PICAPE,NISSAN,Frontier,2.3-16V,23 LE,A-7,S,H,D
PICAPE,NISSAN,Frontier,2.3-16V,23 SE,A-7,S,H,D
PICAPE,SSANGYONG,Actyon Sports,2.2-16V,DLX,A-6,S,E,D
PICAPE,SSANGYONG,Actyon Sports,2.2-16V,STD,A-6,S,E,D
PICAPE,TOYOTA,Hilux Flex 4X4,2.7-16V,CD SRV,A-6,S,E,F
PICAPE,TOYOTA,Hilux Flex 4X2,2.7-16V,CD SRV,A-6,S,E,F
PICAPE,TOYOTA,Hilux Flex 4X2,2.7-16V,CD SR,A-6,S,E,F
PICAPE,TOYOTA,Hilux Flex 4X2,2.7-16V,CHALLENGE,A-6,S,E,F
PICAPE,TOYOTA,Hilux Diesel 4X4,2.8-16V,GR-S,A-6,S,E,D
PICAPE,TOYOTA,Hilux Diesel 4X4,2.8-16V,SRX,A-6,S,E,D
PICAPE,TOYOTA,Hilux Diesel 4X4,2.8-16V,SRV,A-6,S,E,D
PICAPE,TOYOTA,Hilux Diesel 4X4,2.8-16V,SR,A-6,S,E,D
PICAPE,TOYOTA,Hilux Diesel 4X4,2.8-16V,STD,M-6,S,E,D
PICAPE,TOYOTA,Hilux Diesel 4X4,2.8-16V,SC,M-6,S,E,D
PICAPE,TOYOTA,Hilux Diesel 4X4,2.8-16V,CC,M-6,S,E,D
PICAPE,TOYOTA,Hilux Diesel 4X4,2.8-16V,NARROW,M-6,S,E,D
PICAPE,TOYOTA,Hilux Flex 4X2,2.7-16V,SR,M-5,S,E,F
PICAPE,TOYOTA,Hilux Flex 4X2,2.7-16V,SRV,M-5,S,E,F
PICAPE,VOLKSWAGEN,Amarok,2.0-16V,SE,M-6,S,H,D
PICAPE,VOLKSWAGEN,Amarok,2.0-16V,Trendline,A-8,S,H,D
PICAPE,VOLKSWAGEN,Amarok,2.0-16V,Highline,A-8,S,H,D
PICAPE,VOLKSWAGEN,Amarok,2.0-16V,Extreme,A-8,S,H,D
PICAPE,VOLKSWAGEN,Amarok,2.0-16V,S,M-6,S,H,D
PICAPE,VOLKSWAGEN,Amarok,3.0-24V,V6 Highline,A-8,S,H,D
PICAPE,VOLKSWAGEN,Amarok,3.0-24V,V6 Highline Série Extreme,A-8,S,H,D
ESPORTIVO,AUDI,RS6 Avant Plus,4.0-32V,-,A-8,S,E,G
ESPORTIVO,AUDI,RS7 Sportback Plus,4.0-32V,-,A-8,S,E,G
ESPORTIVO,AUDI,TT,2.0-16V,Coupé,DCT-6,S,E,G
ESPORTIVO,AUDI,TT,2.0-16V,Roadster,DCT-6,S,E,G
ESPORTIVO,AUDI,TTS,2.0-16V,Coupé,DCT-6,S,E,G
ESPORTIVO,AUDI,TTS,2.0-16V,Roadster,DCT-6,S,E,G
ESPORTIVO,AUDI,TTRS,2.5-20V,Coupé,DCT-7,S,E,G
ESPORTIVO,AUDI,R8,5.2-40V,Coupé,DCT-7,S,E,G
ESPORTIVO,AUDI,R8,5.2-40V,Spyder,DCT-7,S,E,G
ESPORTIVO,BMW,430i,2.0-16V,Cabrio,A-8,S,E-H,G
ESPORTIVO,BMW,M4,3.0-24V,Cabrio,DCT-7,S,E-H,G
ESPORTIVO,BMW,M4,3.0-24V,Coupe,DCT-7,S,E-H,G
ESPORTIVO,BMW,M240i,3.0-24V,-,A-8,S,E-H,G
ESPORTIVO,BMW,M2,3.0-24V,Competition,DCT-7,S,E-H,G
ESPORTIVO,CHEVROLET,Camaro,6.2-16V,2SS,A-8,S,E,G
ESPORTIVO,CHEVROLET,Camaro,6.2-16V,2SS CONV,A-8,S,E,G
ESPORTIVO,CHEVROLET,Camaro,6.2-16V,50TH,A-8,S,E,G
ESPORTIVO,FERRARI,Portofino,3.8-32V,--,DCT-7,S,E,G
ESPORTIVO,FERRARI,488,3.9-32V,GTB,DCT-7,S,E,G
ESPORTIVO,FERRARI,488,3.9-32V,SPYDER,DCT-7,S,E,G
ESPORTIVO,FERRARI,GTC4Lusso,6.2-48V,--,DCT-7,S,E,G
ESPORTIVO,FERRARI,812 Superfast,6.5-48V,--,DCT-7,S,E,G
ESPORTIVO,FORD,Mustang,5.0-32V,GT,A-10,S,E,G
ESPORTIVO,JAGUAR,F-Type,3.0-24V,COUPE,A-8,S,H,G
ESPORTIVO,JAGUAR,F-Type,3.0-24V,CABRIO,A-8,S,H,G
ESPORTIVO,JAGUAR,F-Type,3.0-24V,SCABRIO,A-8,S,H,G
ESPORTIVO,JAGUAR,F-Type,3.0-24V,SCOUPE,A-8,S,H,G
ESPORTIVO,JAGUAR,F-Type,3.0-24V,380RD CP,A-8,S,H,G
ESPORTIVO,JAGUAR,F-Type,5.0-32V,R COUP4W,A-8,S,H,G
ESPORTIVO,JAGUAR,F-Type,3.0-24V,400SPORT,A-8,S,E,G
ESPORTIVO,JAGUAR,F-Type,2.0-16V,300 CB,A-8,S,E,G
ESPORTIVO,JAGUAR,F-Type,2.0-16V,300 CP,A-8,S,E,G
ESPORTIVO,JAGUAR,F-Type,2.0-16V,300RD CB,A-8,S,E,G
ESPORTIVO,JAGUAR,F-Type,2.0-16V,300RD CP,A-8,S,E,G
ESPORTIVO,JAGUAR,F-Type,5.0-32V,SVR 575,A-8,S,E,G
ESPORTIVO,LAMBORGHINI,Huracan,5.2-40V,2S,DCT-7,S,E,G
ESPORTIVO,LAMBORGHINI,Huracan,5.2-40V,2W,DCT-7,S,E,G
ESPORTIVO,LAMBORGHINI,Huracan,5.2-40V,PF,DCT-7,S,E,G
ESPORTIVO,LAMBORGHINI,Aventador,6.5-48V,S,DCT-7,S,E,G
ESPORTIVO,LAMBORGHINI,Aventador,6.5-48V,SV,DCT-7,S,E,G
ESPORTIVO,LAMBORGHINI,Aventador,6.5-48V,SVR,DCT-7,S,E,G
ESPORTIVO,LAMBORGHINI,Urus,4.0-32V,-,A-8,S,E,G
ESPORTIVO,MCLAREN,720S Coupe,4.0-32V,Coupe,DCT,S,E,G
ESPORTIVO,MCLAREN,570,3.8-32V,GT,DCT,S,E,G
ESPORTIVO,MCLAREN,570,3.8-32V,S Coupe,DCT,S,E,G
ESPORTIVO,MCLAREN,570,3.8-32V,S Spider,DCT,S,E,G
ESPORTIVO,MERCEDES-BENZ,AMG C43,3.0-24V,Coupé,A-9,S,E,G
ESPORTIVO,MERCEDES-BENZ,AMG C 63 S,4.0-32V,Coupé,A-7,S,E,G
ESPORTIVO,MERCEDES-BENZ,CLS 400,3.0-24V,,A-9,S,E,G
ESPORTIVO,MERCEDES-BENZ,AMG S 63 4M,4.0-32V,Coupé,A-9,S,E,G
ESPORTIVO,MERCEDES-BENZ,AMG GT R,4.0-32V,,A-7,S,E,G
ESPORTIVO,MERCEDES-BENZ,AMG GT C,4.0-32V,Roadster,DCT-7,S,E,G
ESPORTIVO,MERCEDES-BENZ,SLC 300,2.0-16V,,A-9,S,E,G
ESPORTIVO,MINI,Cooper,2.0-16V,S,DCT-7,S,E-H,G
ESPORTIVO,MINI,Hatch,2.0-16V,JCW 3P,A-8,S,E-H,G
ESPORTIVO,MINI,Cabrio,2.0-16V,Cooper S,DCT-7,S,E-H,G
ESPORTIVO,MINI,Cabrio,2.0-16V,JCW,A-8,S,E-H,G
ESPORTIVO,NISSAN,GT-R Premium,3.8-24V,Premium,DCT-6,S,H,G
ESPORTIVO,NISSAN,GT-R Nismo,3.8-24V,Nismo,DCT-6,S,H,G
ESPORTIVO,PORSCHE,911,3.0-24V,Carrera,DCT-7,S,E-H,G
ESPORTIVO,PORSCHE,911,3.0-24V,Carrera Cabriolet,DCT-7,S,E-H,G
ESPORTIVO,PORSCHE,911,3.0-24V,Carrera S,DCT-7,S,E-H,G
ESPORTIVO,PORSCHE,911,3.0-24V,Carrera S Cabriolet,DCT-7,S,E-H,G
ESPORTIVO,PORSCHE,911,3.0-24V,Carrera 4S,DCT-7,S,E-H,G
ESPORTIVO,PORSCHE,911,3.0-24V,Carrera 4S Cabriolet,DCT-7,S,E-H,G
ESPORTIVO,PORSCHE,911,3.0-24V,Targa 4 S,DCT-7,S,E-H,G
ESPORTIVO,PORSCHE,911,3.0-24V,Carrera 4,DCT-7,S,E-H,G
ESPORTIVO,PORSCHE,911,3.0-24V,Carrera 4 Cabriolet,DCT-7,S,E-H,G
ESPORTIVO,PORSCHE,911,3.0-24V,Targa 4,DCT-7,S,E-H,G
ESPORTIVO,PORSCHE,911,3.8-24V,Turbo,DCT-7,S,E-H,G
ESPORTIVO,PORSCHE,911,3.8-24V,Turbo Cabriolet,DCT-7,S,E-H,G
ESPORTIVO,PORSCHE,911,3.8-24V,Turbo S,DCT-7,S,E-H,G
ESPORTIVO,PORSCHE,911,3.8-24V,Turbo S Cabriolet,DCT-7,S,E-H,G
ESPORTIVO,PORSCHE,911,3.0-24V,Car GTS CA,DCT-7,S,E-H,G
ESPORTIVO,PORSCHE,911,3.0-24V,CarreraGTS,DCT-7,S,E-H,G
ESPORTIVO,PORSCHE,911,3.0-24V,Car4 GTSCA,DCT-7,S,E-H,G
ESPORTIVO,PORSCHE,911,3.0-24V,Targa 4GTS,DCT-7,S,E-H,G
ESPORTIVO,PORSCHE,911,3.0-24V,Car 4 GTS,DCT-7,S,E-H,G
ESPORTIVO,PORSCHE,911,3.0-24V,Carrera T,DCT-7,S,E,G
ESPORTIVO,PORSCHE,911,3.0-24V,Carrera T,M-7,S,E,G
ESPORTIVO,PORSCHE,911,3.8-24V,GT2 RS,DCT-7,S,E,G
ESPORTIVO,PORSCHE,911,4.0-24V,GT3 RS,DCT-7,S,E,G
ESPORTIVO,PORSCHE,911,4.0-24V,GT3,DCT-7,S,E,G
ESPORTIVO,PORSCHE,Boxster,2.0-16V,***,DCT-7,S,E-H,G
ESPORTIVO,PORSCHE,Boxster,2.5-16V,S,DCT-7,S,E-H,G
ESPORTIVO,PORSCHE,Boxster,2.5-16V,GTS,DCT-7,S,E,G
ESPORTIVO,PORSCHE,Cayman,2.0-16V,****,DCT-7,S,E-H,G
ESPORTIVO,PORSCHE,Cayman,2.5-16V,S,DCT-7,S,E-H,G
ESPORTIVO,PORSCHE,Cayman,2.5-16V,GTS,DCT-7,S,E,G
ESPORTIVO,PORSCHE,Panamera,3.0-24V,****,DCT-8,S,E-H,G
ESPORTIVO,PORSCHE,Panamera,3.0-24V,4,DCT-8,S,E-H,G
ESPORTIVO,PORSCHE,Panamera,3.0-24V,4 EXE,DCT-8,S,E-H,G
ESPORTIVO,PORSCHE,Panamera,2.9-24V,4S,DCT-8,S,E-H,G
ESPORTIVO,PORSCHE,Panamera,4.0-32V,Turbo,DCT-8,S,E-H,G
ESPORTIVO,PORSCHE,Panamera,4.0-32V,TSEHY,DCT-8,S,E,G
ESPORTIVO,PORSCHE,Panamera,4.0-32V,TSEHS,DCT-8,S,E,G
ESPORTIVO,PORSCHE,Panamera,4.0-32V,TSEHE,DCT-8,S,E,G
ESPORTIVO,PORSCHE,Panamera,2.9-24V,4EHYB,DCT-8,S,E,G
ESPORTIVO,PORSCHE,Panamera,2.9-24V,4EHST,DCT-8,S,E,G
ESPORTIVO,PORSCHE,Panamera,2.9-24V,4EHEX,DCT-8,S,E,G
ESPORTIVO,PORSCHE,Panamera,4.0-32V,T ST,DCT-8,S,E,G
ESPORTIVO,PORSCHE,Panamera,3.0-24V,4 ST,DCT-8,S,E,G